glc__D_e 0 1 1 1E0
glc__D_e 0 1 2 7.3333333333E0
glc__D_e 0 1 3 1.3666666667E1
glc__D_e 0 1 4 2E1
glc__D_e 0 2 1 1E0
glc__D_e 0 2 2 7.3333333333E0
glc__D_e 0 2 3 1.3666666667E1
glc__D_e 0 2 4 2E1
glc__D_e 0 3 1 1E0
glc__D_e 0 3 2 7.3333333333E0
glc__D_e 0 3 3 1.3666666667E1
glc__D_e 0 3 4 2E1
glc__D_e 0 4 1 1E0
glc__D_e 0 4 2 7.3333333333E0
glc__D_e 0 4 3 1.3666666667E1
glc__D_e 0 4 4 2E1
ac_e 1 1 1 1.3378533493E-4
ac_e 1 1 2 6.561716514E-5
ac_e 1 1 3 2.0212372243E-5
ac_e 1 1 4 5.1689630108E-6
ac_e 1 2 1 3.3474679722E-4
ac_e 1 2 2 1.6418194031E-4
ac_e 1 2 3 5.0573755907E-5
ac_e 1 2 4 1.2933359353E-5
ac_e 1 3 1 5.8498924692E-4
ac_e 1 3 2 2.8691736684E-4
ac_e 1 3 3 8.8380542032E-5
ac_e 1 3 4 2.2601788011E-5
ac_e 1 4 1 4.3431885726E-4
ac_e 1 4 2 2.1301865556E-4
ac_e 1 4 3 6.561716514E-5
ac_e 1 4 4 1.6780449885E-5
co2_e 1 1 1 1E3
co2_e 1 1 2 1E3
co2_e 1 1 3 1E3
co2_e 1 1 4 1E3
co2_e 1 2 1 1E3
co2_e 1 2 2 1E3
co2_e 1 2 3 1E3
co2_e 1 2 4 1E3
co2_e 1 3 1 1E3
co2_e 1 3 2 1E3
co2_e 1 3 3 1E3
co2_e 1 3 4 1E3
co2_e 1 4 1 1E3
co2_e 1 4 2 1E3
co2_e 1 4 3 1E3
co2_e 1 4 4 1E3
etoh_e 1 1 1 1.3378533493E-4
etoh_e 1 1 2 6.561716514E-5
etoh_e 1 1 3 2.0212372243E-5
etoh_e 1 1 4 5.1689630108E-6
etoh_e 1 2 1 3.3474679722E-4
etoh_e 1 2 2 1.6418194031E-4
etoh_e 1 2 3 5.0573755907E-5
etoh_e 1 2 4 1.2933359353E-5
etoh_e 1 3 1 5.8498924692E-4
etoh_e 1 3 2 2.8691736684E-4
etoh_e 1 3 3 8.8380542032E-5
etoh_e 1 3 4 2.2601788011E-5
etoh_e 1 4 1 4.3431885726E-4
etoh_e 1 4 2 2.1301865556E-4
etoh_e 1 4 3 6.561716514E-5
etoh_e 1 4 4 1.6780449885E-5
glc__D_e 1 1 1 4.4243962049E0
glc__D_e 1 1 2 8.048326727E0
glc__D_e 1 1 3 1.2951501614E1
glc__D_e 1 1 4 1.6575325886E1
glc__D_e 1 2 1 4.423994282E0
glc__D_e 1 2 2 8.0481295974E0
glc__D_e 1 2 3 1.2951440891E1
glc__D_e 1 2 4 1.6575310358E1
glc__D_e 1 3 1 4.4234937971E0
glc__D_e 1 3 2 8.0478841266E0
glc__D_e 1 3 3 1.2951365278E1
glc__D_e 1 3 4 1.6575291021E1
glc__D_e 1 4 1 4.4237951379E0
glc__D_e 1 4 2 8.048031924E0
glc__D_e 1 4 3 1.2951410804E1
glc__D_e 1 4 4 1.6575302663E1
h2o_e 1 1 1 1E3
h2o_e 1 1 2 1E3
h2o_e 1 1 3 1E3
h2o_e 1 1 4 1E3
h2o_e 1 2 1 1E3
h2o_e 1 2 2 1E3
h2o_e 1 2 3 1E3
h2o_e 1 2 4 1E3
h2o_e 1 3 1 1E3
h2o_e 1 3 2 1E3
h2o_e 1 3 3 1E3
h2o_e 1 3 4 1E3
h2o_e 1 4 1 1E3
h2o_e 1 4 2 1E3
h2o_e 1 4 3 1E3
h2o_e 1 4 4 1E3
h_e 1 1 1 1E3
h_e 1 1 2 1E3
h_e 1 1 3 1E3
h_e 1 1 4 1E3
h_e 1 2 1 1E3
h_e 1 2 2 1E3
h_e 1 2 3 1E3
h_e 1 2 4 1E3
h_e 1 3 1 1E3
h_e 1 3 2 1E3
h_e 1 3 3 1E3
h_e 1 3 4 1E3
h_e 1 4 1 1E3
h_e 1 4 2 1E3
h_e 1 4 3 1E3
h_e 1 4 4 1E3
nh4_e 1 1 1 1E3
nh4_e 1 1 2 1E3
nh4_e 1 1 3 1E3
nh4_e 1 1 4 1E3
nh4_e 1 2 1 1E3
nh4_e 1 2 2 1E3
nh4_e 1 2 3 1E3
nh4_e 1 2 4 1E3
nh4_e 1 3 1 1E3
nh4_e 1 3 2 1E3
nh4_e 1 3 3 1E3
nh4_e 1 3 4 1E3
nh4_e 1 4 1 1E3
nh4_e 1 4 2 1E3
nh4_e 1 4 3 1E3
nh4_e 1 4 4 1E3
o2_e 1 1 1 1E3
o2_e 1 1 2 1E3
o2_e 1 1 3 1E3
o2_e 1 1 4 1E3
o2_e 1 2 1 1E3
o2_e 1 2 2 1E3
o2_e 1 2 3 1E3
o2_e 1 2 4 1E3
o2_e 1 3 1 1E3
o2_e 1 3 2 1E3
o2_e 1 3 3 1E3
o2_e 1 3 4 1E3
o2_e 1 4 1 1E3
o2_e 1 4 2 1E3
o2_e 1 4 3 1E3
o2_e 1 4 4 1E3
pi_e 1 1 1 1E3
pi_e 1 1 2 1E3
pi_e 1 1 3 1E3
pi_e 1 1 4 1E3
pi_e 1 2 1 1E3
pi_e 1 2 2 1E3
pi_e 1 2 3 1E3
pi_e 1 2 4 1E3
pi_e 1 3 1 1E3
pi_e 1 3 2 1E3
pi_e 1 3 3 1E3
pi_e 1 3 4 1E3
pi_e 1 4 1 1E3
pi_e 1 4 2 1E3
pi_e 1 4 3 1E3
pi_e 1 4 4 1E3
succ_e 1 1 1 2.6757066986E-4
succ_e 1 1 2 1.3123433028E-4
succ_e 1 1 3 4.0424744487E-5
succ_e 1 1 4 1.0337926022E-5
succ_e 1 2 1 6.6949359444E-4
succ_e 1 2 2 3.2836388061E-4
succ_e 1 2 3 1.0114751181E-4
succ_e 1 2 4 2.5866718706E-5
succ_e 1 3 1 1.1699784938E-3
succ_e 1 3 2 5.7383473368E-4
succ_e 1 3 3 1.7676108406E-4
succ_e 1 3 4 4.5203576022E-5
succ_e 1 4 1 8.6863771453E-4
succ_e 1 4 2 4.2603731112E-4
succ_e 1 4 3 1.3123433028E-4
succ_e 1 4 4 3.356089977E-5
ac_e 2 1 1 4.5422660289E-4
ac_e 2 1 2 2.5953865736E-4
ac_e 2 1 3 1.0638085481E-4
ac_e 2 1 4 4.2784153596E-5
ac_e 2 2 1 9.4114999298E-4
ac_e 2 2 2 5.1394655416E-4
ac_e 2 2 3 1.9594195666E-4
ac_e 2 2 4 7.2279337109E-5
ac_e 2 3 1 1.5295723348E-3
ac_e 2 3 2 8.1836663397E-4
ac_e 2 3 3 3.0106880182E-4
ac_e 2 3 4 1.0584756477E-4
ac_e 2 4 1 1.2359054549E-3
ac_e 2 4 2 6.7707748122E-4
ac_e 2 4 3 2.5953865795E-4
ac_e 2 4 4 9.640773065E-5
co2_e 2 1 1 1E3
co2_e 2 1 2 1E3
co2_e 2 1 3 1E3
co2_e 2 1 4 1E3
co2_e 2 2 1 1E3
co2_e 2 2 2 1E3
co2_e 2 2 3 1E3
co2_e 2 2 4 1E3
co2_e 2 3 1 1E3
co2_e 2 3 2 1E3
co2_e 2 3 3 1E3
co2_e 2 3 4 1E3
co2_e 2 4 1 1E3
co2_e 2 4 2 1E3
co2_e 2 4 3 1E3
co2_e 2 4 4 1E3
etoh_e 2 1 1 1.8062495385E-4
etoh_e 2 1 2 1.2529670052E-4
etoh_e 2 1 3 6.5009022721E-5
etoh_e 2 1 4 3.2197590061E-5
etoh_e 2 2 1 2.569665954E-4
etoh_e 2 2 2 1.7825370117E-4
etoh_e 2 2 3 9.248526786E-5
etoh_e 2 2 4 4.5805991485E-5
etoh_e 2 3 1 3.3435227947E-4
etoh_e 2 3 2 2.3193493776E-4
etoh_e 2 3 3 1.2033727605E-4
etoh_e 2 3 4 5.9600500379E-5
etoh_e 2 4 1 3.4813184081E-4
etoh_e 2 4 2 2.4149360357E-4
etoh_e 2 4 3 1.2529670052E-4
etoh_e 2 4 4 6.2056798125E-5
for_e 2 1 1 3.1502789181E-4
for_e 2 1 2 1.5456763862E-4
for_e 2 1 3 4.7635974431E-5
for_e 2 1 4 1.2189483703E-5
for_e 2 2 1 7.8777614868E-4
for_e 2 2 2 3.8652037567E-4
for_e 2 2 3 1.1912114919E-4
for_e 2 2 4 3.0481696348E-5
for_e 2 3 1 1.3761892723E-3
for_e 2 3 2 6.7522378718E-4
for_e 2 3 3 2.0809623132E-4
for_e 2 3 4 5.3249369901E-5
for_e 2 4 1 1.0221921215E-3
for_e 2 4 2 5.0153598007E-4
for_e 2 4 3 1.5456764008E-4
for_e 2 4 4 3.9552035067E-5
glc__D_e 2 1 1 6.5280024673E0
glc__D_e 2 1 2 8.8601126756E0
glc__D_e 2 1 3 1.2139334888E1
glc__D_e 2 1 4 1.4471293831E1
glc__D_e 2 2 1 6.5274480611E0
glc__D_e 2 2 2 8.8598096573E0
glc__D_e 2 2 3 1.213921919E1
glc__D_e 2 2 4 1.447125107E1
glc__D_e 2 3 1 6.5267932795E0
glc__D_e 2 3 2 8.8594569661E0
glc__D_e 2 3 3 1.2139087879E1
glc__D_e 2 3 4 1.4471204134E1
glc__D_e 2 4 1 6.5270665332E0
glc__D_e 2 4 2 8.8595854418E0
glc__D_e 2 4 3 1.2139123447E1
glc__D_e 2 4 4 1.4471210861E1
h2o_e 2 1 1 1E3
h2o_e 2 1 2 1E3
h2o_e 2 1 3 1E3
h2o_e 2 1 4 1E3
h2o_e 2 2 1 1E3
h2o_e 2 2 2 1E3
h2o_e 2 2 3 1E3
h2o_e 2 2 4 1E3
h2o_e 2 3 1 1E3
h2o_e 2 3 2 1E3
h2o_e 2 3 3 1E3
h2o_e 2 3 4 1E3
h2o_e 2 4 1 1E3
h2o_e 2 4 2 1E3
h2o_e 2 4 3 1E3
h2o_e 2 4 4 1E3
h_e 2 1 1 1E3
h_e 2 1 2 1E3
h_e 2 1 3 1E3
h_e 2 1 4 1E3
h_e 2 2 1 1E3
h_e 2 2 2 1E3
h_e 2 2 3 1E3
h_e 2 2 4 1E3
h_e 2 3 1 1E3
h_e 2 3 2 1E3
h_e 2 3 3 1E3
h_e 2 3 4 1E3
h_e 2 4 1 1E3
h_e 2 4 2 1E3
h_e 2 4 3 1E3
h_e 2 4 4 1E3
nh4_e 2 1 1 1E3
nh4_e 2 1 2 1E3
nh4_e 2 1 3 1E3
nh4_e 2 1 4 1E3
nh4_e 2 2 1 1E3
nh4_e 2 2 2 1E3
nh4_e 2 2 3 1E3
nh4_e 2 2 4 1E3
nh4_e 2 3 1 1E3
nh4_e 2 3 2 1E3
nh4_e 2 3 3 1E3
nh4_e 2 3 4 1E3
nh4_e 2 4 1 1E3
nh4_e 2 4 2 1E3
nh4_e 2 4 3 1E3
nh4_e 2 4 4 1E3
o2_e 2 1 1 1E3
o2_e 2 1 2 1E3
o2_e 2 1 3 1E3
o2_e 2 1 4 1E3
o2_e 2 2 1 1E3
o2_e 2 2 2 1E3
o2_e 2 2 3 1E3
o2_e 2 2 4 1E3
o2_e 2 3 1 1E3
o2_e 2 3 2 1E3
o2_e 2 3 3 1E3
o2_e 2 3 4 1E3
o2_e 2 4 1 1E3
o2_e 2 4 2 1E3
o2_e 2 4 3 1E3
o2_e 2 4 4 1E3
pi_e 2 1 1 1E3
pi_e 2 1 2 1E3
pi_e 2 1 3 1E3
pi_e 2 1 4 1E3
pi_e 2 2 1 1E3
pi_e 2 2 2 1E3
pi_e 2 2 3 1E3
pi_e 2 2 4 1E3
pi_e 2 3 1 1E3
pi_e 2 3 2 1E3
pi_e 2 3 3 1E3
pi_e 2 3 4 1E3
pi_e 2 4 1 1E3
pi_e 2 4 2 1E3
pi_e 2 4 3 1E3
pi_e 2 4 4 1E3
succ_e 2 1 1 3.612499077E-4
succ_e 2 1 2 2.5059340104E-4
succ_e 2 1 3 1.3001804544E-4
succ_e 2 1 4 6.4395180121E-5
succ_e 2 2 1 5.1393319081E-4
succ_e 2 2 2 3.5650740235E-4
succ_e 2 2 3 1.8497053572E-4
succ_e 2 2 4 9.161198297E-5
succ_e 2 3 1 6.6870455895E-4
succ_e 2 3 2 4.6386987552E-4
succ_e 2 3 3 2.406745521E-4
succ_e 2 3 4 1.1920100076E-4
succ_e 2 4 1 6.9626368162E-4
succ_e 2 4 2 4.8298720714E-4
succ_e 2 4 3 2.5059340104E-4
succ_e 2 4 4 1.2411359625E-4
ac_e 3 1 1 8.2845157792E-4
ac_e 3 1 2 5.3720344716E-4
ac_e 3 1 3 2.7154489867E-4
ac_e 3 1 4 1.4193293295E-4
ac_e 3 2 1 1.4301252356E-3
ac_e 3 2 2 8.7418916152E-4
ac_e 3 2 3 4.0759148204E-4
ac_e 3 2 4 1.9751296423E-4
ac_e 3 3 1 2.1406176831E-3
ac_e 3 3 2 1.2668236438E-3
ac_e 3 3 3 5.6279303103E-4
ac_e 3 3 4 2.5949694477E-4
ac_e 3 4 1 1.8810521539E-3
ac_e 3 4 2 1.1514319603E-3
ac_e 3 4 3 5.3720344808E-4
ac_e 3 4 4 2.599606493E-4
co2_e 3 1 1 1E3
co2_e 3 1 2 1E3
co2_e 3 1 3 1E3
co2_e 3 1 4 1E3
co2_e 3 2 1 1E3
co2_e 3 2 2 1E3
co2_e 3 2 3 1E3
co2_e 3 2 4 1E3
co2_e 3 3 1 1E3
co2_e 3 3 2 1E3
co2_e 3 3 3 1E3
co2_e 3 3 4 1E3
co2_e 3 4 1 1E3
co2_e 3 4 2 1E3
co2_e 3 4 3 1E3
co2_e 3 4 4 1E3
etoh_e 3 1 1 1.83996556E-4
etoh_e 3 1 2 1.4595217636E-4
etoh_e 3 1 3 9.6954897325E-5
etoh_e 3 1 4 6.5409375478E-5
etoh_e 3 2 1 2.1711570014E-4
etoh_e 3 2 2 1.7222338094E-4
etoh_e 3 2 3 1.1440665451E-4
etoh_e 3 2 4 7.7182979186E-5
etoh_e 3 3 1 2.5619543428E-4
etoh_e 3 3 2 2.0322272339E-4
etoh_e 3 3 3 1.3499927697E-4
etoh_e 3 3 4 9.1075527284E-5
etoh_e 3 4 1 2.7698134424E-4
etoh_e 3 4 2 2.197107972E-4
etoh_e 3 4 3 1.4595217636E-4
etoh_e 3 4 4 9.8464760097E-5
for_e 3 1 1 7.4203477188E-4
for_e 3 1 2 4.5049206778E-4
for_e 3 1 3 2.0102516154E-4
for_e 3 1 4 8.8110139933E-5
for_e 3 2 1 1.3966780288E-3
for_e 3 2 2 8.082538039E-4
for_e 3 2 3 3.3757704783E-4
for_e 3 2 4 1.3854946772E-4
for_e 3 3 1 2.1697541702E-3
for_e 3 3 2 1.224646517E-3
for_e 3 3 3 4.9256786982E-4
for_e 3 3 4 1.9392262906E-4
for_e 3 4 1 1.8469519146E-3
for_e 3 4 2 1.072797473E-3
for_e 3 4 3 4.5049207007E-4
for_e 3 4 4 1.8594840086E-4
glc__D_e 3 1 1 7.8955027648E0
glc__D_e 3 1 2 9.4213847966E0
glc__D_e 3 1 3 1.1577575757E1
glc__D_e 3 1 4 1.3103293001E1
glc__D_e 3 2 1 7.8948802401E0
glc__D_e 3 2 2 9.4210282441E0
glc__D_e 3 2 3 1.1577424818E1
glc__D_e 3 2 4 1.3103226593E1
glc__D_e 3 3 1 7.8941451555E0
glc__D_e 3 3 2 9.4206124135E0
glc__D_e 3 3 3 1.1577251928E1
glc__D_e 3 3 4 1.3103151754E1
glc__D_e 3 4 1 7.8943778856E0
glc__D_e 3 4 2 9.4207084714E0
glc__D_e 3 4 3 1.1577265776E1
glc__D_e 3 4 4 1.3103143752E1
h2o_e 3 1 1 1E3
h2o_e 3 1 2 1E3
h2o_e 3 1 3 1E3
h2o_e 3 1 4 1E3
h2o_e 3 2 1 1E3
h2o_e 3 2 2 1E3
h2o_e 3 2 3 1E3
h2o_e 3 2 4 1E3
h2o_e 3 3 1 1E3
h2o_e 3 3 2 1E3
h2o_e 3 3 3 1E3
h2o_e 3 3 4 1E3
h2o_e 3 4 1 1E3
h2o_e 3 4 2 1E3
h2o_e 3 4 3 1E3
h2o_e 3 4 4 1E3
h_e 3 1 1 1E3
h_e 3 1 2 1E3
h_e 3 1 3 1E3
h_e 3 1 4 1E3
h_e 3 2 1 1E3
h_e 3 2 2 1E3
h_e 3 2 3 1E3
h_e 3 2 4 1E3
h_e 3 3 1 1E3
h_e 3 3 2 1E3
h_e 3 3 3 1E3
h_e 3 3 4 1E3
h_e 3 4 1 1E3
h_e 3 4 2 1E3
h_e 3 4 3 1E3
h_e 3 4 4 1E3
nh4_e 3 1 1 1E3
nh4_e 3 1 2 1E3
nh4_e 3 1 3 1E3
nh4_e 3 1 4 1E3
nh4_e 3 2 1 1E3
nh4_e 3 2 2 1E3
nh4_e 3 2 3 1E3
nh4_e 3 2 4 1E3
nh4_e 3 3 1 1E3
nh4_e 3 3 2 1E3
nh4_e 3 3 3 1E3
nh4_e 3 3 4 1E3
nh4_e 3 4 1 1E3
nh4_e 3 4 2 1E3
nh4_e 3 4 3 1E3
nh4_e 3 4 4 1E3
o2_e 3 1 1 1E3
o2_e 3 1 2 1E3
o2_e 3 1 3 1E3
o2_e 3 1 4 1E3
o2_e 3 2 1 1E3
o2_e 3 2 2 1E3
o2_e 3 2 3 1E3
o2_e 3 2 4 1E3
o2_e 3 3 1 1E3
o2_e 3 3 2 1E3
o2_e 3 3 3 1E3
o2_e 3 3 4 1E3
o2_e 3 4 1 1E3
o2_e 3 4 2 1E3
o2_e 3 4 3 1E3
o2_e 3 4 4 1E3
pi_e 3 1 1 1E3
pi_e 3 1 2 1E3
pi_e 3 1 3 1E3
pi_e 3 1 4 1E3
pi_e 3 2 1 1E3
pi_e 3 2 2 1E3
pi_e 3 2 3 1E3
pi_e 3 2 4 1E3
pi_e 3 3 1 1E3
pi_e 3 3 2 1E3
pi_e 3 3 3 1E3
pi_e 3 3 4 1E3
pi_e 3 4 1 1E3
pi_e 3 4 2 1E3
pi_e 3 4 3 1E3
pi_e 3 4 4 1E3
succ_e 3 1 1 3.6799311201E-4
succ_e 3 1 2 2.9190435272E-4
succ_e 3 1 3 1.9390979465E-4
succ_e 3 1 4 1.3081875096E-4
succ_e 3 2 1 4.3423140027E-4
succ_e 3 2 2 3.4444676188E-4
succ_e 3 2 3 2.2881330902E-4
succ_e 3 2 4 1.5436595837E-4
succ_e 3 3 1 5.1239086856E-4
succ_e 3 3 2 4.0644544679E-4
succ_e 3 3 3 2.6999855394E-4
succ_e 3 3 4 1.8215105457E-4
succ_e 3 4 1 5.5396268847E-4
succ_e 3 4 2 4.394215944E-4
succ_e 3 4 3 2.9190435272E-4
succ_e 3 4 4 1.9692952019E-4
ac_e 4 1 1 1.2026880534E-3
ac_e 4 1 2 8.4448592233E-4
ac_e 4 1 3 4.9106313526E-4
ac_e 4 1 4 3.0374731642E-4
ac_e 4 2 1 1.8587369406E-3
ac_e 4 2 2 1.2250634077E-3
ac_e 4 2 3 6.5717010401E-4
ac_e 4 2 4 3.8075637353E-4
ac_e 4 3 1 2.6354280878E-3
ac_e 4 3 2 1.6709348402E-3
ac_e 4 3 3 8.4926526769E-4
ac_e 4 3 4 4.6917406543E-4
ac_e 4 4 1 2.4111199816E-3
ac_e 4 4 2 1.5846710663E-3
ac_e 4 4 3 8.4448592325E-4
ac_e 4 4 4 4.8487826479E-4
co2_e 4 1 1 1E3
co2_e 4 1 2 1E3
co2_e 4 1 3 1E3
co2_e 4 1 4 1E3
co2_e 4 2 1 1E3
co2_e 4 2 2 1E3
co2_e 4 2 3 1E3
co2_e 4 2 4 1E3
co2_e 4 3 1 1E3
co2_e 4 3 2 1E3
co2_e 4 3 3 1E3
co2_e 4 3 4 1E3
co2_e 4 4 1 1E3
co2_e 4 4 2 1E3
co2_e 4 4 3 1E3
co2_e 4 4 4 1E3
etoh_e 4 1 1 1.7848145548E-4
etoh_e 4 1 2 1.525942402E-4
etoh_e 4 1 3 1.1719779135E-4
etoh_e 4 1 4 9.2999242164E-5
etoh_e 4 2 1 1.9553482659E-4
etoh_e 4 2 2 1.6717416505E-4
etoh_e 4 2 3 1.2839569101E-4
etoh_e 4 2 4 1.0188504257E-4
etoh_e 4 3 1 2.1790530304E-4
etoh_e 4 3 2 1.8629999438E-4
etoh_e 4 3 3 1.4308500663E-4
etoh_e 4 3 4 1.135413648E-4
etoh_e 4 4 1 2.3238699104E-4
etoh_e 4 4 2 1.9868123686E-4
etoh_e 4 4 3 1.525942402E-4
etoh_e 4 4 4 1.210871684E-4
for_e 4 1 1 1.1792888007E-3
for_e 4 1 2 7.9665526023E-4
for_e 4 1 3 4.3047419159E-4
for_e 4 1 4 2.426582858E-4
for_e 4 2 1 1.9150411808E-3
for_e 4 2 2 1.2180720373E-3
for_e 4 2 3 6.0883935596E-4
for_e 4 2 4 3.2109655713E-4
for_e 4 3 1 2.7835813599E-3
for_e 4 3 2 1.7094353451E-3
for_e 4 3 3 8.1310773575E-4
for_e 4 3 4 4.09480893E-4
for_e 4 4 1 2.5086329153E-3
for_e 4 4 2 1.5958528369E-3
for_e 4 4 3 7.9665526262E-4
for_e 4 4 4 4.1887446312E-4
glc__D_e 4 1 1 8.7912395941E0
glc__D_e 4 1 2 9.7918282762E0
glc__D_e 4 1 3 1.1206589379E1
glc__D_e 4 1 4 1.2207009137E1
glc__D_e 4 2 1 8.7905802803E0
glc__D_e 4 2 2 9.7914410164E0
glc__D_e 4 2 3 1.1206415417E1
glc__D_e 4 2 4 1.2206924712E1
glc__D_e 4 3 1 8.7897974957E0
glc__D_e 4 3 2 9.7909852276E0
glc__D_e 4 3 3 1.120621246E1
glc__D_e 4 3 4 1.2206826295E1
glc__D_e 4 4 1 8.7900021692E0
glc__D_e 4 4 2 9.7910569814E0
glc__D_e 4 4 3 1.1206207422E1
glc__D_e 4 4 4 1.2206803221E1
h2o_e 4 1 1 1E3
h2o_e 4 1 2 1E3
h2o_e 4 1 3 1E3
h2o_e 4 1 4 1E3
h2o_e 4 2 1 1E3
h2o_e 4 2 2 1E3
h2o_e 4 2 3 1E3
h2o_e 4 2 4 1E3
h2o_e 4 3 1 1E3
h2o_e 4 3 2 1E3
h2o_e 4 3 3 1E3
h2o_e 4 3 4 1E3
h2o_e 4 4 1 1E3
h2o_e 4 4 2 1E3
h2o_e 4 4 3 1E3
h2o_e 4 4 4 1E3
h_e 4 1 1 1E3
h_e 4 1 2 1E3
h_e 4 1 3 1E3
h_e 4 1 4 1E3
h_e 4 2 1 1E3
h_e 4 2 2 1E3
h_e 4 2 3 1E3
h_e 4 2 4 1E3
h_e 4 3 1 1E3
h_e 4 3 2 1E3
h_e 4 3 3 1E3
h_e 4 3 4 1E3
h_e 4 4 1 1E3
h_e 4 4 2 1E3
h_e 4 4 3 1E3
h_e 4 4 4 1E3
nh4_e 4 1 1 1E3
nh4_e 4 1 2 1E3
nh4_e 4 1 3 1E3
nh4_e 4 1 4 1E3
nh4_e 4 2 1 1E3
nh4_e 4 2 2 1E3
nh4_e 4 2 3 1E3
nh4_e 4 2 4 1E3
nh4_e 4 3 1 1E3
nh4_e 4 3 2 1E3
nh4_e 4 3 3 1E3
nh4_e 4 3 4 1E3
nh4_e 4 4 1 1E3
nh4_e 4 4 2 1E3
nh4_e 4 4 3 1E3
nh4_e 4 4 4 1E3
o2_e 4 1 1 1E3
o2_e 4 1 2 1E3
o2_e 4 1 3 1E3
o2_e 4 1 4 1E3
o2_e 4 2 1 1E3
o2_e 4 2 2 1E3
o2_e 4 2 3 1E3
o2_e 4 2 4 1E3
o2_e 4 3 1 1E3
o2_e 4 3 2 1E3
o2_e 4 3 3 1E3
o2_e 4 3 4 1E3
o2_e 4 4 1 1E3
o2_e 4 4 2 1E3
o2_e 4 4 3 1E3
o2_e 4 4 4 1E3
pi_e 4 1 1 1E3
pi_e 4 1 2 1E3
pi_e 4 1 3 1E3
pi_e 4 1 4 1E3
pi_e 4 2 1 1E3
pi_e 4 2 2 1E3
pi_e 4 2 3 1E3
pi_e 4 2 4 1E3
pi_e 4 3 1 1E3
pi_e 4 3 2 1E3
pi_e 4 3 3 1E3
pi_e 4 3 4 1E3
pi_e 4 4 1 1E3
pi_e 4 4 2 1E3
pi_e 4 4 3 1E3
pi_e 4 4 4 1E3
succ_e 4 1 1 3.5696291096E-4
succ_e 4 1 2 3.0518848041E-4
succ_e 4 1 3 2.3439558271E-4
succ_e 4 1 4 1.8599848433E-4
succ_e 4 2 1 3.9106965318E-4
succ_e 4 2 2 3.343483301E-4
succ_e 4 2 3 2.5679138203E-4
succ_e 4 2 4 2.0377008514E-4
succ_e 4 3 1 4.3581060608E-4
succ_e 4 3 2 3.7259998877E-4
succ_e 4 3 3 2.8617001326E-4
succ_e 4 3 4 2.2708272959E-4
succ_e 4 4 1 4.6477398207E-4
succ_e 4 4 2 3.9736247371E-4
succ_e 4 4 3 3.0518848041E-4
succ_e 4 4 4 2.4217433679E-4
ac_e 5 1 1 1.5671230653E-3
ac_e 5 1 2 1.1626038072E-3
ac_e 5 1 3 7.4599102608E-4
ac_e 5 1 4 5.1539041458E-4
ac_e 5 2 1 2.2538462576E-3
ac_e 5 2 2 1.5690430349E-3
ac_e 5 2 3 9.3200319604E-4
ac_e 5 2 4 6.0846919997E-4
ac_e 5 3 1 3.0707662202E-3
ac_e 5 3 2 2.0490203626E-3
ac_e 5 3 3 1.1505102849E-3
ac_e 5 3 4 7.1829634169E-4
ac_e 5 4 1 2.8700762677E-3
ac_e 5 4 2 1.9836597143E-3
ac_e 5 4 3 1.1626038078E-3
ac_e 5 4 4 7.4798712832E-4
co2_e 5 1 1 1E3
co2_e 5 1 2 1E3
co2_e 5 1 3 1E3
co2_e 5 1 4 1E3
co2_e 5 2 1 1E3
co2_e 5 2 2 1E3
co2_e 5 2 3 1E3
co2_e 5 2 4 1E3
co2_e 5 3 1 1E3
co2_e 5 3 2 1E3
co2_e 5 3 3 1E3
co2_e 5 3 4 1E3
co2_e 5 4 1 1E3
co2_e 5 4 2 1E3
co2_e 5 4 3 1E3
co2_e 5 4 4 1E3
etoh_e 5 1 1 1.7238873598E-4
etoh_e 5 1 2 1.548597741E-4
etoh_e 5 1 3 1.3036945831E-4
etoh_e 5 1 4 1.1326142065E-4
etoh_e 5 2 1 1.8215039036E-4
etoh_e 5 2 2 1.6362883656E-4
etoh_e 5 2 3 1.3775173643E-4
etoh_e 5 2 4 1.1967494202E-4
etoh_e 5 3 1 1.9556744378E-4
etoh_e 5 3 2 1.75681607E-4
etoh_e 5 3 3 1.4789842019E-4
etoh_e 5 3 4 1.2849010342E-4
etoh_e 5 4 1 2.047725062E-4
etoh_e 5 4 2 1.839506733E-4
etoh_e 5 4 3 1.548597741E-4
etoh_e 5 4 4 1.3453793736E-4
for_e 5 1 1 1.6059231818E-3
for_e 5 1 2 1.1603345918E-3
for_e 5 1 3 7.0883706816E-4
for_e 5 1 4 4.6301769219E-4
for_e 5 2 1 2.3853917458E-3
for_e 5 2 2 1.6182206524E-3
for_e 5 2 3 9.1451521698E-4
for_e 5 2 4 5.6280574548E-4
for_e 5 3 1 3.310562844E-3
for_e 5 3 2 2.1569991187E-3
for_e 5 3 3 1.1544256609E-3
for_e 5 3 4 6.7911285455E-4
for_e 5 4 1 3.0688841329E-3
for_e 5 4 2 2.0722196111E-3
for_e 5 4 3 1.1603345938E-3
for_e 5 4 4 7.0633563514E-4
glc__D_e 5 1 1 9.378505609E0
glc__D_e 5 1 2 1.0034877473E1
glc__D_e 5 1 3 1.0962963732E1
glc__D_e 5 1 4 1.1619165E1
glc__D_e 5 2 1 9.3778237321E0
glc__D_e 5 2 2 1.0034470846E1
glc__D_e 5 2 3 1.0962774192E1
glc__D_e 5 2 4 1.1619067378E1
glc__D_e 5 3 1 9.3770107337E0
glc__D_e 5 3 2 1.0033988913E1
glc__D_e 5 3 3 1.0962550034E1
glc__D_e 5 3 4 1.1618950915E1
glc__D_e 5 4 1 9.3771976891E0
glc__D_e 5 4 2 1.0034044415E1
glc__D_e 5 4 3 1.096253109E1
glc__D_e 5 4 4 1.1618915687E1
h2o_e 5 1 1 1E3
h2o_e 5 1 2 1E3
h2o_e 5 1 3 1E3
h2o_e 5 1 4 1E3
h2o_e 5 2 1 1E3
h2o_e 5 2 2 1E3
h2o_e 5 2 3 1E3
h2o_e 5 2 4 1E3
h2o_e 5 3 1 1E3
h2o_e 5 3 2 1E3
h2o_e 5 3 3 1E3
h2o_e 5 3 4 1E3
h2o_e 5 4 1 1E3
h2o_e 5 4 2 1E3
h2o_e 5 4 3 1E3
h2o_e 5 4 4 1E3
h_e 5 1 1 1E3
h_e 5 1 2 1E3
h_e 5 1 3 1E3
h_e 5 1 4 1E3
h_e 5 2 1 1E3
h_e 5 2 2 1E3
h_e 5 2 3 1E3
h_e 5 2 4 1E3
h_e 5 3 1 1E3
h_e 5 3 2 1E3
h_e 5 3 3 1E3
h_e 5 3 4 1E3
h_e 5 4 1 1E3
h_e 5 4 2 1E3
h_e 5 4 3 1E3
h_e 5 4 4 1E3
nh4_e 5 1 1 1E3
nh4_e 5 1 2 1E3
nh4_e 5 1 3 1E3
nh4_e 5 1 4 1E3
nh4_e 5 2 1 1E3
nh4_e 5 2 2 1E3
nh4_e 5 2 3 1E3
nh4_e 5 2 4 1E3
nh4_e 5 3 1 1E3
nh4_e 5 3 2 1E3
nh4_e 5 3 3 1E3
nh4_e 5 3 4 1E3
nh4_e 5 4 1 1E3
nh4_e 5 4 2 1E3
nh4_e 5 4 3 1E3
nh4_e 5 4 4 1E3
o2_e 5 1 1 1E3
o2_e 5 1 2 1E3
o2_e 5 1 3 1E3
o2_e 5 1 4 1E3
o2_e 5 2 1 1E3
o2_e 5 2 2 1E3
o2_e 5 2 3 1E3
o2_e 5 2 4 1E3
o2_e 5 3 1 1E3
o2_e 5 3 2 1E3
o2_e 5 3 3 1E3
o2_e 5 3 4 1E3
o2_e 5 4 1 1E3
o2_e 5 4 2 1E3
o2_e 5 4 3 1E3
o2_e 5 4 4 1E3
pi_e 5 1 1 1E3
pi_e 5 1 2 1E3
pi_e 5 1 3 1E3
pi_e 5 1 4 1E3
pi_e 5 2 1 1E3
pi_e 5 2 2 1E3
pi_e 5 2 3 1E3
pi_e 5 2 4 1E3
pi_e 5 3 1 1E3
pi_e 5 3 2 1E3
pi_e 5 3 3 1E3
pi_e 5 3 4 1E3
pi_e 5 4 1 1E3
pi_e 5 4 2 1E3
pi_e 5 4 3 1E3
pi_e 5 4 4 1E3
succ_e 5 1 1 3.4477747195E-4
succ_e 5 1 2 3.097195482E-4
succ_e 5 1 3 2.6073891662E-4
succ_e 5 1 4 2.2652284129E-4
succ_e 5 2 1 3.6430078072E-4
succ_e 5 2 2 3.2725767311E-4
succ_e 5 2 3 2.7550347287E-4
succ_e 5 2 4 2.3934988405E-4
succ_e 5 3 1 3.9113488756E-4
succ_e 5 3 2 3.51363214E-4
succ_e 5 3 3 2.9579684038E-4
succ_e 5 3 4 2.5698020685E-4
succ_e 5 4 1 4.095450124E-4
succ_e 5 4 2 3.679013466E-4
succ_e 5 4 3 3.097195482E-4
succ_e 5 4 4 2.6907587471E-4
ac_e 6 1 1 1.9222825279E-3
ac_e 6 1 2 1.4856321344E-3
ac_e 6 1 3 1.0247265935E-3
ac_e 6 1 4 7.6340726698E-4
ac_e 6 2 1 2.6284140827E-3
ac_e 6 2 2 1.9087583348E-3
ac_e 6 2 3 1.2243128081E-3
ac_e 6 2 4 8.6815688795E-4
ac_e 6 3 1 3.4713263989E-3
ac_e 6 3 2 2.4113104765E-3
ac_e 6 3 3 1.4613769873E-3
ac_e 6 3 4 9.9403506708E-4
ac_e 6 4 1 3.2854821825E-3
ac_e 6 4 2 2.3598038419E-3
ac_e 6 4 3 1.4856321347E-3
ac_e 6 4 4 1.0345866274E-3
co2_e 6 1 1 1E3
co2_e 6 1 2 1E3
co2_e 6 1 3 1E3
co2_e 6 1 4 1E3
co2_e 6 2 1 1E3
co2_e 6 2 2 1E3
co2_e 6 2 3 1E3
co2_e 6 2 4 1E3
co2_e 6 3 1 1E3
co2_e 6 3 2 1E3
co2_e 6 3 3 1E3
co2_e 6 3 4 1E3
co2_e 6 4 1 1E3
co2_e 6 4 2 1E3
co2_e 6 4 3 1E3
co2_e 6 4 4 1E3
etoh_e 6 1 1 1.6747446721E-4
etoh_e 6 1 2 1.5569103972E-4
etoh_e 6 1 3 1.3909956886E-4
etoh_e 6 1 4 1.2741889822E-4
etoh_e 6 2 1 1.7338702076E-4
etoh_e 6 2 2 1.6118758869E-4
etoh_e 6 2 3 1.4401036908E-4
etoh_e 6 2 4 1.3191732161E-4
etoh_e 6 3 1 1.8166159414E-4
etoh_e 6 3 2 1.6887996685E-4
etoh_e 6 3 3 1.5088299635E-4
etoh_e 6 3 4 1.3821283066E-4
etoh_e 6 4 1 1.874504295E-4
etoh_e 6 4 2 1.7426150237E-4
etoh_e 6 4 3 1.5569103972E-4
etoh_e 6 4 4 1.4261712604E-4
for_e 6 1 1 2.0205210393E-3
for_e 6 1 2 1.5313198511E-3
for_e 6 1 3 1.0197271504E-3
for_e 6 1 4 7.32288034E-4
for_e 6 2 1 2.826769614E-3
for_e 6 2 2 2.0121882489E-3
for_e 6 2 3 1.2438807355E-3
for_e 6 2 4 8.4771936412E-4
for_e 6 3 1 3.7877910318E-3
for_e 6 3 2 2.5819811252E-3
for_e 6 3 3 1.5089283405E-3
for_e 6 3 4 9.854093174E-4
for_e 6 4 1 3.5671394991E-3
for_e 6 4 2 2.5164782289E-3
for_e 6 4 3 1.5313198525E-3
for_e 6 4 4 1.0270298725E-3
glc__D_e 6 1 1 9.7635419147E0
glc__D_e 6 1 2 1.0194186649E1
glc__D_e 6 1 3 1.080305601E1
glc__D_e 6 1 4 1.1233529091E1
glc__D_e 6 2 1 9.7628449806E0
glc__D_e 6 2 2 1.0193767038E1
glc__D_e 6 2 3 1.0802855713E1
glc__D_e 6 2 4 1.1233422006E1
glc__D_e 6 3 1 9.7620118044E0
glc__D_e 6 3 2 1.0193267472E1
glc__D_e 6 3 3 1.0802616744E1
glc__D_e 6 3 4 1.1233292413E1
glc__D_e 6 4 1 9.7621877244E0
glc__D_e 6 4 2 1.0193312369E1
glc__D_e 6 4 3 1.08025881E1
glc__D_e 6 4 4 1.1233248237E1
h2o_e 6 1 1 1E3
h2o_e 6 1 2 1E3
h2o_e 6 1 3 1E3
h2o_e 6 1 4 1E3
h2o_e 6 2 1 1E3
h2o_e 6 2 2 1E3
h2o_e 6 2 3 1E3
h2o_e 6 2 4 1E3
h2o_e 6 3 1 1E3
h2o_e 6 3 2 1E3
h2o_e 6 3 3 1E3
h2o_e 6 3 4 1E3
h2o_e 6 4 1 1E3
h2o_e 6 4 2 1E3
h2o_e 6 4 3 1E3
h2o_e 6 4 4 1E3
h_e 6 1 1 1E3
h_e 6 1 2 1E3
h_e 6 1 3 1E3
h_e 6 1 4 1E3
h_e 6 2 1 1E3
h_e 6 2 2 1E3
h_e 6 2 3 1E3
h_e 6 2 4 1E3
h_e 6 3 1 1E3
h_e 6 3 2 1E3
h_e 6 3 3 1E3
h_e 6 3 4 1E3
h_e 6 4 1 1E3
h_e 6 4 2 1E3
h_e 6 4 3 1E3
h_e 6 4 4 1E3
nh4_e 6 1 1 1E3
nh4_e 6 1 2 1E3
nh4_e 6 1 3 1E3
nh4_e 6 1 4 1E3
nh4_e 6 2 1 1E3
nh4_e 6 2 2 1E3
nh4_e 6 2 3 1E3
nh4_e 6 2 4 1E3
nh4_e 6 3 1 1E3
nh4_e 6 3 2 1E3
nh4_e 6 3 3 1E3
nh4_e 6 3 4 1E3
nh4_e 6 4 1 1E3
nh4_e 6 4 2 1E3
nh4_e 6 4 3 1E3
nh4_e 6 4 4 1E3
o2_e 6 1 1 1E3
o2_e 6 1 2 1E3
o2_e 6 1 3 1E3
o2_e 6 1 4 1E3
o2_e 6 2 1 1E3
o2_e 6 2 2 1E3
o2_e 6 2 3 1E3
o2_e 6 2 4 1E3
o2_e 6 3 1 1E3
o2_e 6 3 2 1E3
o2_e 6 3 3 1E3
o2_e 6 3 4 1E3
o2_e 6 4 1 1E3
o2_e 6 4 2 1E3
o2_e 6 4 3 1E3
o2_e 6 4 4 1E3
pi_e 6 1 1 1E3
pi_e 6 1 2 1E3
pi_e 6 1 3 1E3
pi_e 6 1 4 1E3
pi_e 6 2 1 1E3
pi_e 6 2 2 1E3
pi_e 6 2 3 1E3
pi_e 6 2 4 1E3
pi_e 6 3 1 1E3
pi_e 6 3 2 1E3
pi_e 6 3 3 1E3
pi_e 6 3 4 1E3
pi_e 6 4 1 1E3
pi_e 6 4 2 1E3
pi_e 6 4 3 1E3
pi_e 6 4 4 1E3
succ_e 6 1 1 3.3494893441E-4
succ_e 6 1 2 3.1138207944E-4
succ_e 6 1 3 2.7819913773E-4
succ_e 6 1 4 2.5483779645E-4
succ_e 6 2 1 3.4677404152E-4
succ_e 6 2 2 3.2237517738E-4
succ_e 6 2 3 2.8802073816E-4
succ_e 6 2 4 2.6383464321E-4
succ_e 6 3 1 3.6332318829E-4
succ_e 6 3 2 3.3775993369E-4
succ_e 6 3 3 3.017659927E-4
succ_e 6 3 4 2.7642566131E-4
succ_e 6 4 1 3.7490085899E-4
succ_e 6 4 2 3.4852300474E-4
succ_e 6 4 3 3.1138207944E-4
succ_e 6 4 4 2.8523425208E-4
ac_e 7 1 1 2.2706619933E-3
ac_e 7 1 2 1.8115987198E-3
ac_e 7 1 3 1.3198590671E-3
ac_e 7 1 4 1.0371377892E-3
ac_e 7 2 1 2.9900833852E-3
ac_e 7 2 2 2.2461179917E-3
ac_e 7 2 3 1.5288774419E-3
ac_e 7 2 4 1.1502203062E-3
ac_e 7 3 1 3.8507073264E-3
ac_e 7 3 2 2.7640928706E-3
ac_e 7 3 3 1.7789223406E-3
ac_e 7 3 4 1.2876723054E-3
ac_e 7 4 1 3.674115523E-3
ac_e 7 4 2 2.7216213731E-3
ac_e 7 4 3 1.8115987197E-3
ac_e 7 4 4 1.336095338E-3
co2_e 7 1 1 1E3
co2_e 7 1 2 1E3
co2_e 7 1 3 1E3
co2_e 7 1 4 1E3
co2_e 7 2 1 1E3
co2_e 7 2 2 1E3
co2_e 7 2 3 1E3
co2_e 7 2 4 1E3
co2_e 7 3 1 1E3
co2_e 7 3 2 1E3
co2_e 7 3 3 1E3
co2_e 7 3 4 1E3
co2_e 7 4 1 1E3
co2_e 7 4 2 1E3
co2_e 7 4 3 1E3
co2_e 7 4 4 1E3
etoh_e 7 1 1 1.6388035129E-4
etoh_e 7 1 2 1.5601455639E-4
etoh_e 7 1 3 1.4490818284E-4
etoh_e 7 1 4 1.3706717508E-4
etoh_e 7 2 1 1.6757323655E-4
etoh_e 7 2 2 1.5953019357E-4
etoh_e 7 2 3 1.4817354863E-4
etoh_e 7 2 4 1.4015585134E-4
etoh_e 7 3 1 1.7277597888E-4
etoh_e 7 3 2 1.6448321894E-4
etoh_e 7 3 3 1.5277397774E-4
etoh_e 7 3 4 1.445073504E-4
etoh_e 7 4 1 1.7644083175E-4
etoh_e 7 4 2 1.679721692E-4
etoh_e 7 4 3 1.5601455639E-4
etoh_e 7 4 4 1.4757258077E-4
for_e 7 1 1 2.4257924104E-3
for_e 7 1 2 1.9062732152E-3
for_e 7 1 3 1.3528612155E-3
for_e 7 1 4 1.0363580031E-3
for_e 7 2 1 3.2498995506E-3
for_e 7 2 2 2.4025411014E-3
for_e 7 2 3 1.5897700033E-3
for_e 7 2 4 1.1630073569E-3
for_e 7 3 1 4.2348521883E-3
for_e 7 3 2 2.9932466721E-3
for_e 7 3 3 1.872380412E-3
for_e 7 3 4 1.3162621933E-3
for_e 7 4 1 4.0272997371E-3
for_e 7 4 2 2.940326283E-3
for_e 7 4 3 1.9062732161E-3
for_e 7 4 4 1.3684880344E-3
glc__D_e 7 1 1 1.001595337E1
glc__D_e 7 1 2 1.0298559046E1
glc__D_e 7 1 3 1.0698069652E1
glc__D_e 7 1 4 1.0980502766E1
glc__D_e 7 2 1 1.0015245701E1
glc__D_e 7 2 2 1.0298130312E1
glc__D_e 7 2 3 1.0697861808E1
glc__D_e 7 2 4 1.0980388968E1
glc__D_e 7 3 1 1.0014398333E1
glc__D_e 7 3 2 1.0297618454E1
glc__D_e 7 3 3 1.0697612459E1
glc__D_e 7 3 4 1.0980250037E1
glc__D_e 7 4 1 1.001456737E1
glc__D_e 7 4 2 1.0297656445E1
glc__D_e 7 4 3 1.0697577177E1
glc__D_e 7 4 4 1.0980199527E1
h2o_e 7 1 1 1E3
h2o_e 7 1 2 1E3
h2o_e 7 1 3 1E3
h2o_e 7 1 4 1E3
h2o_e 7 2 1 1E3
h2o_e 7 2 2 1E3
h2o_e 7 2 3 1E3
h2o_e 7 2 4 1E3
h2o_e 7 3 1 1E3
h2o_e 7 3 2 1E3
h2o_e 7 3 3 1E3
h2o_e 7 3 4 1E3
h2o_e 7 4 1 1E3
h2o_e 7 4 2 1E3
h2o_e 7 4 3 1E3
h2o_e 7 4 4 1E3
h_e 7 1 1 1E3
h_e 7 1 2 1E3
h_e 7 1 3 1E3
h_e 7 1 4 1E3
h_e 7 2 1 1E3
h_e 7 2 2 1E3
h_e 7 2 3 1E3
h_e 7 2 4 1E3
h_e 7 3 1 1E3
h_e 7 3 2 1E3
h_e 7 3 3 1E3
h_e 7 3 4 1E3
h_e 7 4 1 1E3
h_e 7 4 2 1E3
h_e 7 4 3 1E3
h_e 7 4 4 1E3
nh4_e 7 1 1 1E3
nh4_e 7 1 2 1E3
nh4_e 7 1 3 1E3
nh4_e 7 1 4 1E3
nh4_e 7 2 1 1E3
nh4_e 7 2 2 1E3
nh4_e 7 2 3 1E3
nh4_e 7 2 4 1E3
nh4_e 7 3 1 1E3
nh4_e 7 3 2 1E3
nh4_e 7 3 3 1E3
nh4_e 7 3 4 1E3
nh4_e 7 4 1 1E3
nh4_e 7 4 2 1E3
nh4_e 7 4 3 1E3
nh4_e 7 4 4 1E3
o2_e 7 1 1 1E3
o2_e 7 1 2 1E3
o2_e 7 1 3 1E3
o2_e 7 1 4 1E3
o2_e 7 2 1 1E3
o2_e 7 2 2 1E3
o2_e 7 2 3 1E3
o2_e 7 2 4 1E3
o2_e 7 3 1 1E3
o2_e 7 3 2 1E3
o2_e 7 3 3 1E3
o2_e 7 3 4 1E3
o2_e 7 4 1 1E3
o2_e 7 4 2 1E3
o2_e 7 4 3 1E3
o2_e 7 4 4 1E3
pi_e 7 1 1 1E3
pi_e 7 1 2 1E3
pi_e 7 1 3 1E3
pi_e 7 1 4 1E3
pi_e 7 2 1 1E3
pi_e 7 2 2 1E3
pi_e 7 2 3 1E3
pi_e 7 2 4 1E3
pi_e 7 3 1 1E3
pi_e 7 3 2 1E3
pi_e 7 3 3 1E3
pi_e 7 3 4 1E3
pi_e 7 4 1 1E3
pi_e 7 4 2 1E3
pi_e 7 4 3 1E3
pi_e 7 4 4 1E3
succ_e 7 1 1 3.2776070257E-4
succ_e 7 1 2 3.1202911279E-4
succ_e 7 1 3 2.8981636569E-4
succ_e 7 1 4 2.7413435016E-4
succ_e 7 2 1 3.3514647309E-4
succ_e 7 2 2 3.1906038714E-4
succ_e 7 2 3 2.9634709726E-4
succ_e 7 2 4 2.8031170268E-4
succ_e 7 3 1 3.4555195776E-4
succ_e 7 3 2 3.2896643788E-4
succ_e 7 3 3 3.0554795547E-4
succ_e 7 3 4 2.890147008E-4
succ_e 7 4 1 3.5288166349E-4
succ_e 7 4 2 3.359443384E-4
succ_e 7 4 3 3.1202911279E-4
succ_e 7 4 4 2.9514516153E-4
ac_e 8 1 1 2.614678606E-3
ac_e 8 1 2 2.1397991699E-3
ac_e 8 1 3 1.6264879782E-3
ac_e 8 1 4 1.3288665963E-3
ac_e 8 2 1 3.3438070636E-3
ac_e 8 2 2 2.5824691244E-3
ac_e 8 2 3 1.8421777879E-3
ac_e 8 2 4 1.4478613026E-3
ac_e 8 3 1 4.2171550602E-3
ac_e 8 3 2 3.1113564397E-3
ac_e 8 3 3 2.101367414E-3
ac_e 8 3 4 1.5935267012E-3
ac_e 8 4 1 4.0463363004E-3
ac_e 8 4 2 3.0747790312E-3
ac_e 8 4 3 2.1397991696E-3
ac_e 8 4 4 1.6474892623E-3
co2_e 8 1 1 1E3
co2_e 8 1 2 1E3
co2_e 8 1 3 1E3
co2_e 8 1 4 1E3
co2_e 8 2 1 1E3
co2_e 8 2 2 1E3
co2_e 8 2 3 1E3
co2_e 8 2 4 1E3
co2_e 8 3 1 1E3
co2_e 8 3 2 1E3
co2_e 8 3 3 1E3
co2_e 8 3 4 1E3
co2_e 8 4 1 1E3
co2_e 8 4 2 1E3
co2_e 8 4 3 1E3
co2_e 8 4 4 1E3
etoh_e 8 1 1 1.6136734432E-4
etoh_e 8 1 2 1.5614565665E-4
etoh_e 8 1 3 1.4876527334E-4
etoh_e 8 1 4 1.4354952125E-4
etoh_e 8 2 1 1.6371534384E-4
etoh_e 8 2 2 1.5841767723E-4
etoh_e 8 2 3 1.5092990456E-4
etoh_e 8 2 4 1.4563825989E-4
etoh_e 8 3 1 1.6703136692E-4
etoh_e 8 3 2 1.6162639709E-4
etoh_e 8 3 3 1.5398696101E-4
etoh_e 8 3 4 1.4858813508E-4
etoh_e 8 4 1 1.6937292807E-4
etoh_e 8 4 2 1.6389218763E-4
etoh_e 8 4 3 1.5614565665E-4
etoh_e 8 4 4 1.5067114625E-4
for_e 8 1 1 2.8247955704E-3
for_e 8 1 2 2.2840204355E-3
for_e 8 1 3 1.701479835E-3
for_e 8 1 4 1.3647972375E-3
for_e 8 2 1 3.6616285683E-3
for_e 8 2 2 2.7911054026E-3
for_e 8 2 3 1.9473378382E-3
for_e 8 2 4 1.4994054797E-3
for_e 8 3 1 4.6634048585E-3
for_e 8 3 2 3.3963845659E-3
for_e 8 3 3 2.2422549706E-3
for_e 8 3 4 1.6637314091E-3
for_e 8 4 1 4.464023355E-3
for_e 8 4 2 3.3516592265E-3
for_e 8 4 3 2.2840204359E-3
for_e 8 4 4 1.7234666117E-3
glc__D_e 8 1 1 1.0181383563E1
glc__D_e 8 1 2 1.036689956E1
glc__D_e 8 1 3 1.0629103933E1
glc__D_e 8 1 4 1.0814446491E1
glc__D_e 8 2 1 1.018066777E1
glc__D_e 8 2 2 1.0366464121E1
glc__D_e 8 2 3 1.0628890686E1
glc__D_e 8 2 4 1.081432793E1
glc__D_e 8 3 1 1.0179809881E1
glc__D_e 8 3 2 1.0365943369E1
glc__D_e 8 3 3 1.0628633967E1
glc__D_e 8 3 4 1.0814182394E1
glc__D_e 8 4 1 1.0179974621E1
glc__D_e 8 4 2 1.0365976842E1
glc__D_e 8 4 3 1.0628594159E1
glc__D_e 8 4 4 1.0814127468E1
h2o_e 8 1 1 1E3
h2o_e 8 1 2 1E3
h2o_e 8 1 3 1E3
h2o_e 8 1 4 1E3
h2o_e 8 2 1 1E3
h2o_e 8 2 2 1E3
h2o_e 8 2 3 1E3
h2o_e 8 2 4 1E3
h2o_e 8 3 1 1E3
h2o_e 8 3 2 1E3
h2o_e 8 3 3 1E3
h2o_e 8 3 4 1E3
h2o_e 8 4 1 1E3
h2o_e 8 4 2 1E3
h2o_e 8 4 3 1E3
h2o_e 8 4 4 1E3
h_e 8 1 1 1E3
h_e 8 1 2 1E3
h_e 8 1 3 1E3
h_e 8 1 4 1E3
h_e 8 2 1 1E3
h_e 8 2 2 1E3
h_e 8 2 3 1E3
h_e 8 2 4 1E3
h_e 8 3 1 1E3
h_e 8 3 2 1E3
h_e 8 3 3 1E3
h_e 8 3 4 1E3
h_e 8 4 1 1E3
h_e 8 4 2 1E3
h_e 8 4 3 1E3
h_e 8 4 4 1E3
nh4_e 8 1 1 1E3
nh4_e 8 1 2 1E3
nh4_e 8 1 3 1E3
nh4_e 8 1 4 1E3
nh4_e 8 2 1 1E3
nh4_e 8 2 2 1E3
nh4_e 8 2 3 1E3
nh4_e 8 2 4 1E3
nh4_e 8 3 1 1E3
nh4_e 8 3 2 1E3
nh4_e 8 3 3 1E3
nh4_e 8 3 4 1E3
nh4_e 8 4 1 1E3
nh4_e 8 4 2 1E3
nh4_e 8 4 3 1E3
nh4_e 8 4 4 1E3
o2_e 8 1 1 1E3
o2_e 8 1 2 1E3
o2_e 8 1 3 1E3
o2_e 8 1 4 1E3
o2_e 8 2 1 1E3
o2_e 8 2 2 1E3
o2_e 8 2 3 1E3
o2_e 8 2 4 1E3
o2_e 8 3 1 1E3
o2_e 8 3 2 1E3
o2_e 8 3 3 1E3
o2_e 8 3 4 1E3
o2_e 8 4 1 1E3
o2_e 8 4 2 1E3
o2_e 8 4 3 1E3
o2_e 8 4 4 1E3
pi_e 8 1 1 1E3
pi_e 8 1 2 1E3
pi_e 8 1 3 1E3
pi_e 8 1 4 1E3
pi_e 8 2 1 1E3
pi_e 8 2 2 1E3
pi_e 8 2 3 1E3
pi_e 8 2 4 1E3
pi_e 8 3 1 1E3
pi_e 8 3 2 1E3
pi_e 8 3 3 1E3
pi_e 8 3 4 1E3
pi_e 8 4 1 1E3
pi_e 8 4 2 1E3
pi_e 8 4 3 1E3
pi_e 8 4 4 1E3
succ_e 8 1 1 3.2273468863E-4
succ_e 8 1 2 3.122913133E-4
succ_e 8 1 3 2.9753054668E-4
succ_e 8 1 4 2.8709904249E-4
succ_e 8 2 1 3.2743068768E-4
succ_e 8 2 2 3.1683535446E-4
succ_e 8 2 3 3.0185980911E-4
succ_e 8 2 4 2.9127651977E-4
succ_e 8 3 1 3.3406273385E-4
succ_e 8 3 2 3.2325279418E-4
succ_e 8 3 3 3.0797392201E-4
succ_e 8 3 4 2.9717627016E-4
succ_e 8 4 1 3.3874585613E-4
succ_e 8 4 2 3.2778437526E-4
succ_e 8 4 3 3.122913133E-4
succ_e 8 4 4 3.0134229251E-4
ac_e 9 1 1 2.9562313126E-3
ac_e 9 1 2 2.4699689002E-3
ac_e 9 1 3 1.9413424218E-3
ac_e 9 1 4 1.6332345275E-3
ac_e 9 2 1 3.6928804237E-3
ac_e 9 2 2 2.9187444782E-3
ac_e 9 2 3 2.1618610056E-3
ac_e 9 2 4 1.756442856E-3
ac_e 9 3 1 4.5758742655E-3
ac_e 9 3 2 3.4556670214E-3
ac_e 9 3 3 2.4276048337E-3
ac_e 9 3 4 1.9079347632E-3
ac_e 9 4 1 4.408652398E-3
ac_e 9 4 2 3.4229542771E-3
ac_e 9 4 3 2.4699688997E-3
ac_e 9 4 4 1.9657591004E-3
co2_e 9 1 1 1E3
co2_e 9 1 2 1E3
co2_e 9 1 3 1E3
co2_e 9 1 4 1E3
co2_e 9 2 1 1E3
co2_e 9 2 2 1E3
co2_e 9 2 3 1E3
co2_e 9 2 4 1E3
co2_e 9 3 1 1E3
co2_e 9 3 2 1E3
co2_e 9 3 3 1E3
co2_e 9 3 4 1E3
co2_e 9 4 1 1E3
co2_e 9 4 2 1E3
co2_e 9 4 3 1E3
co2_e 9 4 4 1E3
etoh_e 9 1 1 1.5965277353E-4
etoh_e 9 1 2 1.56200143E-4
etoh_e 9 1 3 1.5131838657E-4
etoh_e 9 1 4 1.4786717082E-4
etoh_e 9 2 1 1.6116210622E-4
etoh_e 9 2 2 1.5767683505E-4
etoh_e 9 2 3 1.5274892725E-4
etoh_e 9 2 4 1.4926508424E-4
etoh_e 9 3 1 1.6329556971E-4
etoh_e 9 3 2 1.5976416053E-4
etoh_e 9 3 3 1.5477101711E-4
etoh_e 9 3 4 1.5124105499E-4
etoh_e 9 4 1 1.6480340969E-4
etoh_e 9 4 2 1.6123939216E-4
etoh_e 9 4 3 1.56200143E-4
etoh_e 9 4 4 1.5263758589E-4
for_e 9 1 1 3.2200424271E-3
for_e 9 1 2 2.6641234587E-3
for_e 9 1 3 2.0610711545E-3
for_e 9 1 4 1.7102821866E-3
for_e 9 2 1 4.0665008063E-3
for_e 9 2 2 3.1791545328E-3
for_e 9 2 3 2.3133344909E-3
for_e 9 2 4 1.8505376102E-3
for_e 9 3 1 5.0807455016E-3
for_e 9 3 2 3.7949770816E-3
for_e 9 3 3 2.6169901231E-3
for_e 9 3 4 2.022693806E-3
for_e 9 4 1 4.8864655709E-3
for_e 9 4 2 3.7556119494E-3
for_e 9 4 3 2.6641234588E-3
for_e 9 4 4 2.0876660418E-3
glc__D_e 9 1 1 1.0289766983E1
glc__D_e 9 1 2 1.0411608037E1
glc__D_e 9 1 3 1.0583761687E1
glc__D_e 9 1 4 1.070542843E1
glc__D_e 9 2 1 1.0289044688E1
glc__D_e 9 2 2 1.0411167437E1
glc__D_e 9 2 3 1.0583544466E1
glc__D_e 9 2 4 1.0705306452E1
glc__D_e 9 3 1 1.0288178569E1
glc__D_e 9 3 2 1.0410639969E1
glc__D_e 9 3 3 1.0583282391E1
glc__D_e 9 3 4 1.0705156211E1
glc__D_e 9 4 1 1.0288340642E1
glc__D_e 9 4 2 1.0410670468E1
glc__D_e 9 4 3 1.0583239481E1
glc__D_e 9 4 4 1.0705098208E1
h2o_e 9 1 1 1E3
h2o_e 9 1 2 1E3
h2o_e 9 1 3 1E3
h2o_e 9 1 4 1E3
h2o_e 9 2 1 1E3
h2o_e 9 2 2 1E3
h2o_e 9 2 3 1E3
h2o_e 9 2 4 1E3
h2o_e 9 3 1 1E3
h2o_e 9 3 2 1E3
h2o_e 9 3 3 1E3
h2o_e 9 3 4 1E3
h2o_e 9 4 1 1E3
h2o_e 9 4 2 1E3
h2o_e 9 4 3 1E3
h2o_e 9 4 4 1E3
h_e 9 1 1 1E3
h_e 9 1 2 1E3
h_e 9 1 3 1E3
h_e 9 1 4 1E3
h_e 9 2 1 1E3
h_e 9 2 2 1E3
h_e 9 2 3 1E3
h_e 9 2 4 1E3
h_e 9 3 1 1E3
h_e 9 3 2 1E3
h_e 9 3 3 1E3
h_e 9 3 4 1E3
h_e 9 4 1 1E3
h_e 9 4 2 1E3
h_e 9 4 3 1E3
h_e 9 4 4 1E3
nh4_e 9 1 1 1E3
nh4_e 9 1 2 1E3
nh4_e 9 1 3 1E3
nh4_e 9 1 4 1E3
nh4_e 9 2 1 1E3
nh4_e 9 2 2 1E3
nh4_e 9 2 3 1E3
nh4_e 9 2 4 1E3
nh4_e 9 3 1 1E3
nh4_e 9 3 2 1E3
nh4_e 9 3 3 1E3
nh4_e 9 3 4 1E3
nh4_e 9 4 1 1E3
nh4_e 9 4 2 1E3
nh4_e 9 4 3 1E3
nh4_e 9 4 4 1E3
o2_e 9 1 1 1E3
o2_e 9 1 2 1E3
o2_e 9 1 3 1E3
o2_e 9 1 4 1E3
o2_e 9 2 1 1E3
o2_e 9 2 2 1E3
o2_e 9 2 3 1E3
o2_e 9 2 4 1E3
o2_e 9 3 1 1E3
o2_e 9 3 2 1E3
o2_e 9 3 3 1E3
o2_e 9 3 4 1E3
o2_e 9 4 1 1E3
o2_e 9 4 2 1E3
o2_e 9 4 3 1E3
o2_e 9 4 4 1E3
pi_e 9 1 1 1E3
pi_e 9 1 2 1E3
pi_e 9 1 3 1E3
pi_e 9 1 4 1E3
pi_e 9 2 1 1E3
pi_e 9 2 2 1E3
pi_e 9 2 3 1E3
pi_e 9 2 4 1E3
pi_e 9 3 1 1E3
pi_e 9 3 2 1E3
pi_e 9 3 3 1E3
pi_e 9 3 4 1E3
pi_e 9 4 1 1E3
pi_e 9 4 2 1E3
pi_e 9 4 3 1E3
pi_e 9 4 4 1E3
succ_e 9 1 1 3.1930554707E-4
succ_e 9 1 2 3.12400286E-4
succ_e 9 1 3 3.0263677315E-4
succ_e 9 1 4 2.9573434165E-4
succ_e 9 2 1 3.2232421244E-4
succ_e 9 2 2 3.153536701E-4
succ_e 9 2 3 3.054978545E-4
succ_e 9 2 4 2.9853016848E-4
succ_e 9 3 1 3.2659113942E-4
succ_e 9 3 2 3.1952832107E-4
succ_e 9 3 3 3.0954203421E-4
succ_e 9 3 4 3.0248210998E-4
succ_e 9 4 1 3.2960681938E-4
succ_e 9 4 2 3.2247878432E-4
succ_e 9 4 3 3.12400286E-4
succ_e 9 4 4 3.0527517178E-4
ac_e 10 1 1 3.2966985707E-3
ac_e 10 1 2 2.8020074065E-3
ac_e 10 1 3 2.262243238E-3
ac_e 10 1 4 1.9466016983E-3
ac_e 10 2 1 4.0395027682E-3
ac_e 10 2 2 3.2555801981E-3
ac_e 10 2 3 2.4863658665E-3
ac_e 10 2 4 2.0728593113E-3
ac_e 10 3 1 4.9302102729E-3
ac_e 10 3 2 3.7986885358E-3
ac_e 10 3 3 2.7569344014E-3
ac_e 10 3 4 2.2285343019E-3
ac_e 10 4 1 4.7652089251E-3
ac_e 10 4 2 3.7685277958E-3
ac_e 10 4 3 2.8020074059E-3
ac_e 10 4 4 2.2890598076E-3
co2_e 10 1 1 1E3
co2_e 10 1 2 1E3
co2_e 10 1 3 1E3
co2_e 10 1 4 1E3
co2_e 10 2 1 1E3
co2_e 10 2 2 1E3
co2_e 10 2 3 1E3
co2_e 10 2 4 1E3
co2_e 10 3 1 1E3
co2_e 10 3 2 1E3
co2_e 10 3 3 1E3
co2_e 10 3 4 1E3
co2_e 10 4 1 1E3
co2_e 10 4 2 1E3
co2_e 10 4 3 1E3
co2_e 10 4 4 1E3
etoh_e 10 1 1 1.584998007E-4
etoh_e 10 1 2 1.5622312934E-4
etoh_e 10 1 3 1.5300366758E-4
etoh_e 10 1 4 1.5072733245E-4
etoh_e 10 2 1 1.5947680592E-4
etoh_e 10 2 2 1.5718610098E-4
etoh_e 10 2 3 1.5394679421E-4
etoh_e 10 2 4 1.5165642756E-4
etoh_e 10 3 1 1.6085825369E-4
etoh_e 10 3 2 1.5854770581E-4
etoh_e 10 3 3 1.5528033894E-4
etoh_e 10 3 4 1.5297013228E-4
etoh_e 10 4 1 1.6183491061E-4
etoh_e 10 4 2 1.5951033415E-4
etoh_e 10 4 3 1.5622312934E-4
etoh_e 10 4 4 1.5389889618E-4
for_e 10 1 1 3.6133928423E-3
for_e 10 1 2 3.0464145766E-3
for_e 10 1 3 2.4286238024E-3
for_e 10 1 4 2.0678074567E-3
for_e 10 2 1 4.4675514506E-3
for_e 10 2 2 3.5675609198E-3
for_e 10 2 3 2.6855982308E-3
for_e 10 2 4 2.2121137744E-3
for_e 10 3 1 5.4915439565E-3
for_e 10 3 2 4.1913417201E-3
for_e 10 3 3 2.9956020678E-3
for_e 10 3 4 2.3898491092E-3
for_e 10 4 1 5.3004324523E-3
for_e 10 4 2 4.1555053096E-3
for_e 10 4 3 3.0464145764E-3
for_e 10 4 4 2.4584701861E-3
glc__D_e 10 1 1 1.0360735931E1
glc__D_e 10 1 2 1.0440816936E1
glc__D_e 10 1 3 1.0553912194E1
glc__D_e 10 1 4 1.0633818013E1
glc__D_e 10 2 1 1.0360008158E1
glc__D_e 10 2 2 1.0440372167E1
glc__D_e 10 2 3 1.0553691944E1
glc__D_e 10 2 4 1.063369353E1
glc__D_e 10 3 1 1.035913526E1
glc__D_e 10 3 2 1.0439839388E1
glc__D_e 10 3 3 1.0553425852E1
glc__D_e 10 3 4 1.0633539873E1
glc__D_e 10 4 1 1.0359295703E1
glc__D_e 10 4 2 1.0439867914E1
glc__D_e 10 4 3 1.0553380788E1
glc__D_e 10 4 4 1.0633479704E1
h2o_e 10 1 1 1E3
h2o_e 10 1 2 1E3
h2o_e 10 1 3 1E3
h2o_e 10 1 4 1E3
h2o_e 10 2 1 1E3
h2o_e 10 2 2 1E3
h2o_e 10 2 3 1E3
h2o_e 10 2 4 1E3
h2o_e 10 3 1 1E3
h2o_e 10 3 2 1E3
h2o_e 10 3 3 1E3
h2o_e 10 3 4 1E3
h2o_e 10 4 1 1E3
h2o_e 10 4 2 1E3
h2o_e 10 4 3 1E3
h2o_e 10 4 4 1E3
h_e 10 1 1 1E3
h_e 10 1 2 1E3
h_e 10 1 3 1E3
h_e 10 1 4 1E3
h_e 10 2 1 1E3
h_e 10 2 2 1E3
h_e 10 2 3 1E3
h_e 10 2 4 1E3
h_e 10 3 1 1E3
h_e 10 3 2 1E3
h_e 10 3 3 1E3
h_e 10 3 4 1E3
h_e 10 4 1 1E3
h_e 10 4 2 1E3
h_e 10 4 3 1E3
h_e 10 4 4 1E3
nh4_e 10 1 1 1E3
nh4_e 10 1 2 1E3
nh4_e 10 1 3 1E3
nh4_e 10 1 4 1E3
nh4_e 10 2 1 1E3
nh4_e 10 2 2 1E3
nh4_e 10 2 3 1E3
nh4_e 10 2 4 1E3
nh4_e 10 3 1 1E3
nh4_e 10 3 2 1E3
nh4_e 10 3 3 1E3
nh4_e 10 3 4 1E3
nh4_e 10 4 1 1E3
nh4_e 10 4 2 1E3
nh4_e 10 4 3 1E3
nh4_e 10 4 4 1E3
o2_e 10 1 1 1E3
o2_e 10 1 2 1E3
o2_e 10 1 3 1E3
o2_e 10 1 4 1E3
o2_e 10 2 1 1E3
o2_e 10 2 2 1E3
o2_e 10 2 3 1E3
o2_e 10 2 4 1E3
o2_e 10 3 1 1E3
o2_e 10 3 2 1E3
o2_e 10 3 3 1E3
o2_e 10 3 4 1E3
o2_e 10 4 1 1E3
o2_e 10 4 2 1E3
o2_e 10 4 3 1E3
o2_e 10 4 4 1E3
pi_e 10 1 1 1E3
pi_e 10 1 2 1E3
pi_e 10 1 3 1E3
pi_e 10 1 4 1E3
pi_e 10 2 1 1E3
pi_e 10 2 2 1E3
pi_e 10 2 3 1E3
pi_e 10 2 4 1E3
pi_e 10 3 1 1E3
pi_e 10 3 2 1E3
pi_e 10 3 3 1E3
pi_e 10 3 4 1E3
pi_e 10 4 1 1E3
pi_e 10 4 2 1E3
pi_e 10 4 3 1E3
pi_e 10 4 4 1E3
succ_e 10 1 1 3.1699960141E-4
succ_e 10 1 2 3.1244625869E-4
succ_e 10 1 3 3.0600733517E-4
succ_e 10 1 4 3.0145466489E-4
succ_e 10 2 1 3.1895361185E-4
succ_e 10 2 2 3.1437220197E-4
succ_e 10 2 3 3.0789358841E-4
succ_e 10 2 4 3.0331285512E-4
succ_e 10 3 1 3.2171650738E-4
succ_e 10 3 2 3.1709541161E-4
succ_e 10 3 3 3.1056067789E-4
succ_e 10 3 4 3.0594026457E-4
succ_e 10 4 1 3.2366982122E-4
succ_e 10 4 2 3.190206683E-4
succ_e 10 4 3 3.1244625869E-4
succ_e 10 4 4 3.0779779236E-4
ac_e 11 1 1 3.6370430065E-3
ac_e 11 1 2 3.1358788441E-3
ac_e 11 1 3 2.5877456431E-3
ac_e 11 1 4 2.2665292493E-3
ac_e 11 2 1 4.3851384582E-3
ac_e 11 2 2 3.593406163E-3
ac_e 11 2 3 2.8146624499E-3
ac_e 11 2 4 2.3950507516E-3
ac_e 11 3 1 5.2823335837E-3
ac_e 11 3 2 4.1415062103E-3
ac_e 11 3 3 3.0889098046E-3
ac_e 11 3 4 2.5537983389E-3
ac_e 11 4 1 5.118673228E-3
ac_e 11 4 2 4.1130458617E-3
ac_e 11 4 3 3.1358788434E-3
ac_e 11 4 4 2.616239144E-3
co2_e 11 1 1 1E3
co2_e 11 1 2 1E3
co2_e 11 1 3 1E3
co2_e 11 1 4 1E3
co2_e 11 2 1 1E3
co2_e 11 2 2 1E3
co2_e 11 2 3 1E3
co2_e 11 2 4 1E3
co2_e 11 3 1 1E3
co2_e 11 3 2 1E3
co2_e 11 3 3 1E3
co2_e 11 3 4 1E3
co2_e 11 4 1 1E3
co2_e 11 4 2 1E3
co2_e 11 4 3 1E3
co2_e 11 4 4 1E3
etoh_e 11 1 1 1.5773139296E-4
etoh_e 11 1 2 1.5623291018E-4
etoh_e 11 1 3 1.5411379192E-4
etoh_e 11 1 4 1.5261538889E-4
etoh_e 11 2 1 1.583666786E-4
etoh_e 11 2 2 1.5686216048E-4
etoh_e 11 2 3 1.5473450716E-4
etoh_e 11 2 4 1.5323006911E-4
etoh_e 11 3 1 1.5926505047E-4
etoh_e 11 3 2 1.5775199762E-4
etoh_e 11 3 3 1.5561227469E-4
etoh_e 11 3 4 1.5409930236E-4
etoh_e 11 4 1 1.599002545E-4
etoh_e 11 4 2 1.5838116706E-4
etoh_e 11 4 3 1.5623291018E-4
etoh_e 11 4 4 1.547139036E-4
for_e 11 1 1 4.006159035E-3
for_e 11 1 2 3.4308314274E-3
for_e 11 1 3 2.8021371895E-3
for_e 11 1 4 2.4340059619E-3
for_e 11 2 1 4.8668037106E-3
for_e 11 2 2 3.9569154574E-3
for_e 11 2 3 3.0627001995E-3
for_e 11 2 4 2.581281052E-3
for_e 11 3 1 5.8988226027E-3
for_e 11 3 2 4.5869871572E-3
for_e 11 3 3 3.3774647966E-3
for_e 11 3 4 2.7630660918E-3
for_e 11 4 1 5.7096483459E-3
for_e 11 4 2 4.5534926166E-3
for_e 11 4 3 3.4308314269E-3
for_e 11 4 4 2.8342542671E-3
glc__D_e 11 1 1 1.0407166143E1
glc__D_e 11 1 2 1.0459859891E1
glc__D_e 11 1 3 1.053422295E1
glc__D_e 11 1 4 1.0586740633E1
glc__D_e 11 2 1 1.0406433542E1
glc__D_e 11 2 2 1.0459411594E1
glc__D_e 11 2 3 1.0534000296E1
glc__D_e 11 2 4 1.0586614257E1
glc__D_e 11 3 1 1.040555479E1
glc__D_e 11 3 2 1.0458874413E1
glc__D_e 11 3 3 1.053373107E1
glc__D_e 11 3 4 1.0586458047E1
glc__D_e 11 4 1 1.040571427E1
glc__D_e 11 4 2 1.0458901616E1
glc__D_e 11 4 3 1.053368448E1
glc__D_e 11 4 4 1.0586396326E1
h2o_e 11 1 1 1E3
h2o_e 11 1 2 1E3
h2o_e 11 1 3 1E3
h2o_e 11 1 4 1E3
h2o_e 11 2 1 1E3
h2o_e 11 2 2 1E3
h2o_e 11 2 3 1E3
h2o_e 11 2 4 1E3
h2o_e 11 3 1 1E3
h2o_e 11 3 2 1E3
h2o_e 11 3 3 1E3
h2o_e 11 3 4 1E3
h2o_e 11 4 1 1E3
h2o_e 11 4 2 1E3
h2o_e 11 4 3 1E3
h2o_e 11 4 4 1E3
h_e 11 1 1 1E3
h_e 11 1 2 1E3
h_e 11 1 3 1E3
h_e 11 1 4 1E3
h_e 11 2 1 1E3
h_e 11 2 2 1E3
h_e 11 2 3 1E3
h_e 11 2 4 1E3
h_e 11 3 1 1E3
h_e 11 3 2 1E3
h_e 11 3 3 1E3
h_e 11 3 4 1E3
h_e 11 4 1 1E3
h_e 11 4 2 1E3
h_e 11 4 3 1E3
h_e 11 4 4 1E3
nh4_e 11 1 1 1E3
nh4_e 11 1 2 1E3
nh4_e 11 1 3 1E3
nh4_e 11 1 4 1E3
nh4_e 11 2 1 1E3
nh4_e 11 2 2 1E3
nh4_e 11 2 3 1E3
nh4_e 11 2 4 1E3
nh4_e 11 3 1 1E3
nh4_e 11 3 2 1E3
nh4_e 11 3 3 1E3
nh4_e 11 3 4 1E3
nh4_e 11 4 1 1E3
nh4_e 11 4 2 1E3
nh4_e 11 4 3 1E3
nh4_e 11 4 4 1E3
o2_e 11 1 1 1E3
o2_e 11 1 2 1E3
o2_e 11 1 3 1E3
o2_e 11 1 4 1E3
o2_e 11 2 1 1E3
o2_e 11 2 2 1E3
o2_e 11 2 3 1E3
o2_e 11 2 4 1E3
o2_e 11 3 1 1E3
o2_e 11 3 2 1E3
o2_e 11 3 3 1E3
o2_e 11 3 4 1E3
o2_e 11 4 1 1E3
o2_e 11 4 2 1E3
o2_e 11 4 3 1E3
o2_e 11 4 4 1E3
pi_e 11 1 1 1E3
pi_e 11 1 2 1E3
pi_e 11 1 3 1E3
pi_e 11 1 4 1E3
pi_e 11 2 1 1E3
pi_e 11 2 2 1E3
pi_e 11 2 3 1E3
pi_e 11 2 4 1E3
pi_e 11 3 1 1E3
pi_e 11 3 2 1E3
pi_e 11 3 3 1E3
pi_e 11 3 4 1E3
pi_e 11 4 1 1E3
pi_e 11 4 2 1E3
pi_e 11 4 3 1E3
pi_e 11 4 4 1E3
succ_e 11 1 1 3.1546278591E-4
succ_e 11 1 2 3.1246582037E-4
succ_e 11 1 3 3.0822758383E-4
succ_e 11 1 4 3.0523077778E-4
succ_e 11 2 1 3.1673335721E-4
succ_e 11 2 2 3.1372432096E-4
succ_e 11 2 3 3.0946901432E-4
succ_e 11 2 4 3.0646013821E-4
succ_e 11 3 1 3.1853010094E-4
succ_e 11 3 2 3.1550399523E-4
succ_e 11 3 3 3.1122454938E-4
succ_e 11 3 4 3.0819860472E-4
succ_e 11 4 1 3.1980050899E-4
succ_e 11 4 2 3.1676233413E-4
succ_e 11 4 3 3.1246582037E-4
succ_e 11 4 4 3.0942780719E-4
ac_e 12 1 1 3.9779230093E-3
ac_e 12 1 2 3.471573806E-3
ac_e 12 1 3 2.9168965814E-3
ac_e 12 1 4 2.5913973955E-3
ac_e 12 2 1 4.7307601336E-3
ac_e 12 2 2 3.9325117443E-3
ac_e 12 2 3 3.1460746196E-3
ac_e 12 2 4 2.7216588668E-3
ac_e 12 3 1 5.633660441E-3
ac_e 12 3 2 4.484831169E-3
ac_e 12 3 3 3.4232457838E-3
ac_e 12 3 4 2.8827376231E-3
ac_e 12 4 1 5.4707746046E-3
ac_e 12 4 2 4.4575172414E-3
ac_e 12 4 3 3.4715738052E-3
ac_e 12 4 4 2.9465683074E-3
co2_e 12 1 1 1E3
co2_e 12 1 2 1E3
co2_e 12 1 3 1E3
co2_e 12 1 4 1E3
co2_e 12 2 1 1E3
co2_e 12 2 2 1E3
co2_e 12 2 3 1E3
co2_e 12 2 4 1E3
co2_e 12 3 1 1E3
co2_e 12 3 2 1E3
co2_e 12 3 3 1E3
co2_e 12 3 4 1E3
co2_e 12 4 1 1E3
co2_e 12 4 2 1E3
co2_e 12 4 3 1E3
co2_e 12 4 4 1E3
etoh_e 12 1 1 1.5722217523E-4
etoh_e 12 1 2 1.5623709212E-4
etoh_e 12 1 3 1.5484398758E-4
etoh_e 12 1 4 1.5385892336E-4
etoh_e 12 2 1 1.5763648248E-4
etoh_e 12 2 2 1.566488035E-4
etoh_e 12 2 3 1.552520279E-4
etoh_e 12 2 4 1.5426436787E-4
etoh_e 12 3 1 1.5822238784E-4
etoh_e 12 3 2 1.5723103785E-4
etoh_e 12 3 3 1.5582907069E-4
etoh_e 12 3 4 1.5483773971E-4
etoh_e 12 4 1 1.5863667591E-4
etoh_e 12 4 2 1.5764273017E-4
etoh_e 12 4 3 1.5623709212E-4
etoh_e 12 4 4 1.5524316544E-4
for_e 12 1 1 4.3992434464E-3
for_e 12 1 2 3.8173544056E-3
for_e 12 1 3 3.1802891256E-3
for_e 12 1 4 2.8066354193E-3
for_e 12 2 1 5.2656023264E-3
for_e 12 2 2 4.3476160518E-3
for_e 12 2 3 3.443700699E-3
for_e 12 2 4 2.9561549091E-3
for_e 12 3 1 6.3045501958E-3
for_e 12 3 2 4.9829003121E-3
for_e 12 3 3 3.7621781657E-3
for_e 12 3 4 3.1409648268E-3
for_e 12 4 1 6.1165221377E-3
for_e 12 4 2 4.9509762313E-3
for_e 12 4 3 3.817354405E-3
for_e 12 4 4 3.2139942247E-3
glc__D_e 12 1 1 1.0437502106E1
glc__D_e 12 1 2 1.0472234938E1
glc__D_e 12 1 3 1.0521196654E1
glc__D_e 12 1 4 1.0555752539E1
glc__D_e 12 2 1 1.0436765091E1
glc__D_e 12 2 2 1.0471783526E1
glc__D_e 12 2 3 1.0520972005E1
glc__D_e 12 2 4 1.0555624674E1
glc__D_e 12 3 1 1.0435881076E1
glc__D_e 12 3 2 1.047124253E1
glc__D_e 12 3 3 1.0520700225E1
glc__D_e 12 3 4 1.0555466485E1
glc__D_e 12 4 1 1.0436040024E1
glc__D_e 12 4 2 1.0471268834E1
glc__D_e 12 4 3 1.0520652523E1
glc__D_e 12 4 4 1.0555403618E1
h2o_e 12 1 1 1E3
h2o_e 12 1 2 1E3
h2o_e 12 1 3 1E3
h2o_e 12 1 4 1E3
h2o_e 12 2 1 1E3
h2o_e 12 2 2 1E3
h2o_e 12 2 3 1E3
h2o_e 12 2 4 1E3
h2o_e 12 3 1 1E3
h2o_e 12 3 2 1E3
h2o_e 12 3 3 1E3
h2o_e 12 3 4 1E3
h2o_e 12 4 1 1E3
h2o_e 12 4 2 1E3
h2o_e 12 4 3 1E3
h2o_e 12 4 4 1E3
h_e 12 1 1 1E3
h_e 12 1 2 1E3
h_e 12 1 3 1E3
h_e 12 1 4 1E3
h_e 12 2 1 1E3
h_e 12 2 2 1E3
h_e 12 2 3 1E3
h_e 12 2 4 1E3
h_e 12 3 1 1E3
h_e 12 3 2 1E3
h_e 12 3 3 1E3
h_e 12 3 4 1E3
h_e 12 4 1 1E3
h_e 12 4 2 1E3
h_e 12 4 3 1E3
h_e 12 4 4 1E3
nh4_e 12 1 1 1E3
nh4_e 12 1 2 1E3
nh4_e 12 1 3 1E3
nh4_e 12 1 4 1E3
nh4_e 12 2 1 1E3
nh4_e 12 2 2 1E3
nh4_e 12 2 3 1E3
nh4_e 12 2 4 1E3
nh4_e 12 3 1 1E3
nh4_e 12 3 2 1E3
nh4_e 12 3 3 1E3
nh4_e 12 3 4 1E3
nh4_e 12 4 1 1E3
nh4_e 12 4 2 1E3
nh4_e 12 4 3 1E3
nh4_e 12 4 4 1E3
o2_e 12 1 1 1E3
o2_e 12 1 2 1E3
o2_e 12 1 3 1E3
o2_e 12 1 4 1E3
o2_e 12 2 1 1E3
o2_e 12 2 2 1E3
o2_e 12 2 3 1E3
o2_e 12 2 4 1E3
o2_e 12 3 1 1E3
o2_e 12 3 2 1E3
o2_e 12 3 3 1E3
o2_e 12 3 4 1E3
o2_e 12 4 1 1E3
o2_e 12 4 2 1E3
o2_e 12 4 3 1E3
o2_e 12 4 4 1E3
pi_e 12 1 1 1E3
pi_e 12 1 2 1E3
pi_e 12 1 3 1E3
pi_e 12 1 4 1E3
pi_e 12 2 1 1E3
pi_e 12 2 2 1E3
pi_e 12 2 3 1E3
pi_e 12 2 4 1E3
pi_e 12 3 1 1E3
pi_e 12 3 2 1E3
pi_e 12 3 3 1E3
pi_e 12 3 4 1E3
pi_e 12 4 1 1E3
pi_e 12 4 2 1E3
pi_e 12 4 3 1E3
pi_e 12 4 4 1E3
succ_e 12 1 1 3.1444435046E-4
succ_e 12 1 2 3.1247418423E-4
succ_e 12 1 3 3.0968797516E-4
succ_e 12 1 4 3.0771784672E-4
succ_e 12 2 1 3.1527296495E-4
succ_e 12 2 2 3.1329760701E-4
succ_e 12 2 3 3.1050405579E-4
succ_e 12 2 4 3.0852873573E-4
succ_e 12 3 1 3.1644477569E-4
succ_e 12 3 2 3.144620757E-4
succ_e 12 3 3 3.1165814138E-4
succ_e 12 3 4 3.0967547942E-4
succ_e 12 4 1 3.1727335182E-4
succ_e 12 4 2 3.1528546035E-4
succ_e 12 4 3 3.1247418423E-4
succ_e 12 4 4 3.1048633089E-4
ac_e 13 1 1 4.3197839692E-3
ac_e 13 1 2 3.8090939558E-3
ac_e 13 1 3 3.2490703879E-3
ac_e 13 1 4 2.9201370168E-3
ac_e 13 2 1 5.0770131375E-3
ac_e 13 2 2 4.2730918926E-3
ac_e 13 2 3 3.4801605843E-3
ac_e 13 2 4 3.0517917616E-3
ac_e 13 3 1 5.9851187518E-3
ac_e 13 3 2 4.8291315127E-3
ac_e 13 3 3 3.7597604003E-3
ac_e 13 3 4 3.2147107162E-3
ac_e 13 4 1 5.8226405739E-3
ac_e 13 4 2 4.8026030167E-3
ac_e 13 4 3 3.8090939549E-3
ac_e 13 4 4 3.27958283E-3
co2_e 13 1 1 1E3
co2_e 13 1 2 1E3
co2_e 13 1 3 1E3
co2_e 13 1 4 1E3
co2_e 13 2 1 1E3
co2_e 13 2 2 1E3
co2_e 13 2 3 1E3
co2_e 13 2 4 1E3
co2_e 13 3 1 1E3
co2_e 13 3 2 1E3
co2_e 13 3 3 1E3
co2_e 13 3 4 1E3
co2_e 13 4 1 1E3
co2_e 13 4 2 1E3
co2_e 13 4 3 1E3
co2_e 13 4 4 1E3
etoh_e 13 1 1 1.5688594436E-4
etoh_e 13 1 2 1.5623888497E-4
etoh_e 13 1 3 1.5532380797E-4
etoh_e 13 1 4 1.5467675305E-4
etoh_e 13 2 1 1.5715666201E-4
etoh_e 13 2 2 1.5650848608E-4
etoh_e 13 2 3 1.5559183005E-4
etoh_e 13 2 4 1.549436586E-4
etoh_e 13 3 1 1.5753951141E-4
etoh_e 13 3 2 1.5688975645E-4
etoh_e 13 3 3 1.5597086736E-4
etoh_e 13 3 4 1.5532111689E-4
etoh_e 13 4 1 1.5781022455E-4
etoh_e 13 4 2 1.5715935307E-4
etoh_e 13 4 3 1.5623888497E-4
etoh_e 13 4 4 1.5558801798E-4
for_e 13 1 1 4.7932581658E-3
for_e 13 1 2 4.2059817212E-3
for_e 13 1 3 3.5622100125E-3
for_e 13 1 4 3.1842128382E-3
for_e 13 2 1 5.6648395465E-3
for_e 13 2 2 4.7399304009E-3
for_e 13 2 3 3.8279845464E-3
for_e 13 2 4 3.3354961223E-3
for_e 13 3 1 6.710014815E-3
for_e 13 3 2 5.3797296409E-3
for_e 13 3 3 4.1494864562E-3
for_e 13 3 4 3.5226505069E-3
for_e 13 4 1 6.522621483E-3
for_e 13 4 2 5.3488735632E-3
for_e 13 4 3 4.2059817204E-3
for_e 13 4 4 3.5970385572E-3
glc__D_e 13 1 1 1.0457282094E1
glc__D_e 13 1 2 1.0480236244E1
glc__D_e 13 1 3 1.0512539613E1
glc__D_e 13 1 4 1.0535315929E1
glc__D_e 13 2 1 1.0456540929E1
glc__D_e 13 2 2 1.0479781983E1
glc__D_e 13 2 3 1.0512313236E1
glc__D_e 13 2 4 1.0535186842E1
glc__D_e 13 3 1 1.0455652029E1
glc__D_e 13 3 2 1.0479237553E1
glc__D_e 13 3 3 1.0512039283E1
glc__D_e 13 3 4 1.0535027053E1
glc__D_e 13 4 1 1.0455810724E1
glc__D_e 13 4 2 1.0479263234E1
glc__D_e 13 4 3 1.051199074E1
glc__D_e 13 4 4 1.0534963309E1
h2o_e 13 1 1 1E3
h2o_e 13 1 2 1E3
h2o_e 13 1 3 1E3
h2o_e 13 1 4 1E3
h2o_e 13 2 1 1E3
h2o_e 13 2 2 1E3
h2o_e 13 2 3 1E3
h2o_e 13 2 4 1E3
h2o_e 13 3 1 1E3
h2o_e 13 3 2 1E3
h2o_e 13 3 3 1E3
h2o_e 13 3 4 1E3
h2o_e 13 4 1 1E3
h2o_e 13 4 2 1E3
h2o_e 13 4 3 1E3
h2o_e 13 4 4 1E3
h_e 13 1 1 1E3
h_e 13 1 2 1E3
h_e 13 1 3 1E3
h_e 13 1 4 1E3
h_e 13 2 1 1E3
h_e 13 2 2 1E3
h_e 13 2 3 1E3
h_e 13 2 4 1E3
h_e 13 3 1 1E3
h_e 13 3 2 1E3
h_e 13 3 3 1E3
h_e 13 3 4 1E3
h_e 13 4 1 1E3
h_e 13 4 2 1E3
h_e 13 4 3 1E3
h_e 13 4 4 1E3
nh4_e 13 1 1 1E3
nh4_e 13 1 2 1E3
nh4_e 13 1 3 1E3
nh4_e 13 1 4 1E3
nh4_e 13 2 1 1E3
nh4_e 13 2 2 1E3
nh4_e 13 2 3 1E3
nh4_e 13 2 4 1E3
nh4_e 13 3 1 1E3
nh4_e 13 3 2 1E3
nh4_e 13 3 3 1E3
nh4_e 13 3 4 1E3
nh4_e 13 4 1 1E3
nh4_e 13 4 2 1E3
nh4_e 13 4 3 1E3
nh4_e 13 4 4 1E3
o2_e 13 1 1 1E3
o2_e 13 1 2 1E3
o2_e 13 1 3 1E3
o2_e 13 1 4 1E3
o2_e 13 2 1 1E3
o2_e 13 2 2 1E3
o2_e 13 2 3 1E3
o2_e 13 2 4 1E3
o2_e 13 3 1 1E3
o2_e 13 3 2 1E3
o2_e 13 3 3 1E3
o2_e 13 3 4 1E3
o2_e 13 4 1 1E3
o2_e 13 4 2 1E3
o2_e 13 4 3 1E3
o2_e 13 4 4 1E3
pi_e 13 1 1 1E3
pi_e 13 1 2 1E3
pi_e 13 1 3 1E3
pi_e 13 1 4 1E3
pi_e 13 2 1 1E3
pi_e 13 2 2 1E3
pi_e 13 2 3 1E3
pi_e 13 2 4 1E3
pi_e 13 3 1 1E3
pi_e 13 3 2 1E3
pi_e 13 3 3 1E3
pi_e 13 3 4 1E3
pi_e 13 4 1 1E3
pi_e 13 4 2 1E3
pi_e 13 4 3 1E3
pi_e 13 4 4 1E3
succ_e 13 1 1 3.1377188871E-4
succ_e 13 1 2 3.1247776994E-4
succ_e 13 1 3 3.1064761594E-4
succ_e 13 1 4 3.0935350611E-4
succ_e 13 2 1 3.1431332403E-4
succ_e 13 2 2 3.1301697216E-4
succ_e 13 2 3 3.1118366011E-4
succ_e 13 2 4 3.098873172E-4
succ_e 13 3 1 3.1507902281E-4
succ_e 13 3 2 3.137795129E-4
succ_e 13 3 3 3.1194173471E-4
succ_e 13 3 4 3.1064223378E-4
succ_e 13 4 1 3.156204491E-4
succ_e 13 4 2 3.1431870613E-4
succ_e 13 4 3 3.1247776994E-4
succ_e 13 4 4 3.1117603597E-4
ac_e 14 1 1 4.6629258117E-3
ac_e 14 1 2 4.1484456718E-3
ac_e 14 1 3 3.5838583626E-3
ac_e 14 1 4 3.2520459478E-3
ac_e 14 2 1 5.4243259544E-3
ac_e 14 2 2 4.6152786621E-3
ac_e 14 2 3 3.8166332564E-3
ac_e 14 2 4 3.3848660152E-3
ac_e 14 3 1 6.3373187382E-3
ac_e 14 3 2 5.1747169675E-3
ac_e 14 3 3 4.0983385016E-3
ac_e 14 3 4 3.5493020821E-3
ac_e 14 4 1 6.1750097756E-3
ac_e 14 4 2 5.1487384794E-3
ac_e 14 4 3 4.1484456708E-3
ac_e 14 4 4 3.6149858526E-3
co2_e 14 1 1 1E3
co2_e 14 1 2 1E3
co2_e 14 1 3 1E3
co2_e 14 1 4 1E3
co2_e 14 2 1 1E3
co2_e 14 2 2 1E3
co2_e 14 2 3 1E3
co2_e 14 2 4 1E3
co2_e 14 3 1 1E3
co2_e 14 3 2 1E3
co2_e 14 3 3 1E3
co2_e 14 3 4 1E3
co2_e 14 4 1 1E3
co2_e 14 4 2 1E3
co2_e 14 4 3 1E3
co2_e 14 4 4 1E3
etoh_e 14 1 1 1.5666445554E-4
etoh_e 14 1 2 1.5623965473E-4
etoh_e 14 1 3 1.5563889642E-4
etoh_e 14 1 4 1.5521409667E-4
etoh_e 14 2 1 1.5684157355E-4
etoh_e 14 2 2 1.5641629249E-4
etoh_e 14 2 3 1.5581485498E-4
etoh_e 14 2 4 1.5538957498E-4
etoh_e 14 3 1 1.570920555E-4
etoh_e 14 3 2 1.5666609524E-4
etoh_e 14 3 3 1.5606369722E-4
etoh_e 14 3 4 1.5563773803E-4
etoh_e 14 4 1 1.5726917245E-4
etoh_e 14 4 2 1.5684273194E-4
etoh_e 14 4 3 1.5623965473E-4
etoh_e 14 4 4 1.5581321528E-4
for_e 14 1 1 5.1886156004E-3
for_e 14 1 2 4.596719139E-3
for_e 14 1 3 3.9473306356E-3
for_e 14 1 4 3.5657624977E-3
for_e 14 2 1 6.0651073597E-3
for_e 14 2 2 5.1340392429E-3
for_e 14 2 3 4.2151510005E-3
for_e 14 2 4 3.7184928549E-3
for_e 14 3 1 7.1160623013E-3
for_e 14 3 2 5.7779032311E-3
for_e 14 3 3 4.5392270961E-3
for_e 14 3 4 3.9075429817E-3
for_e 14 4 1 6.9289715933E-3
for_e 14 4 2 5.747787501E-3
for_e 14 4 3 4.596719138E-3
for_e 14 4 4 3.982970879E-3
glc__D_e 14 1 1 1.0470138361E1
glc__D_e 14 1 2 1.0485368428E1
glc__D_e 14 1 3 1.0506747515E1
glc__D_e 14 1 4 1.0521798856E1
glc__D_e 14 2 1 1.046939321E1
glc__D_e 14 2 2 1.0484911488E1
glc__D_e 14 2 3 1.0506519583E1
glc__D_e 14 2 4 1.0521668723E1
glc__D_e 14 3 1 1.0468499664E1
glc__D_e 14 3 2 1.0484363867E1
glc__D_e 14 3 3 1.0506243703E1
glc__D_e 14 3 4 1.0521507581E1
glc__D_e 14 4 1 1.0468658289E1
glc__D_e 14 4 2 1.0484389105E1
glc__D_e 14 4 3 1.0506194497E1
glc__D_e 14 4 4 1.0521443136E1
h2o_e 14 1 1 1E3
h2o_e 14 1 2 1E3
h2o_e 14 1 3 1E3
h2o_e 14 1 4 1E3
h2o_e 14 2 1 1E3
h2o_e 14 2 2 1E3
h2o_e 14 2 3 1E3
h2o_e 14 2 4 1E3
h2o_e 14 3 1 1E3
h2o_e 14 3 2 1E3
h2o_e 14 3 3 1E3
h2o_e 14 3 4 1E3
h2o_e 14 4 1 1E3
h2o_e 14 4 2 1E3
h2o_e 14 4 3 1E3
h2o_e 14 4 4 1E3
h_e 14 1 1 1E3
h_e 14 1 2 1E3
h_e 14 1 3 1E3
h_e 14 1 4 1E3
h_e 14 2 1 1E3
h_e 14 2 2 1E3
h_e 14 2 3 1E3
h_e 14 2 4 1E3
h_e 14 3 1 1E3
h_e 14 3 2 1E3
h_e 14 3 3 1E3
h_e 14 3 4 1E3
h_e 14 4 1 1E3
h_e 14 4 2 1E3
h_e 14 4 3 1E3
h_e 14 4 4 1E3
nh4_e 14 1 1 1E3
nh4_e 14 1 2 1E3
nh4_e 14 1 3 1E3
nh4_e 14 1 4 1E3
nh4_e 14 2 1 1E3
nh4_e 14 2 2 1E3
nh4_e 14 2 3 1E3
nh4_e 14 2 4 1E3
nh4_e 14 3 1 1E3
nh4_e 14 3 2 1E3
nh4_e 14 3 3 1E3
nh4_e 14 3 4 1E3
nh4_e 14 4 1 1E3
nh4_e 14 4 2 1E3
nh4_e 14 4 3 1E3
nh4_e 14 4 4 1E3
o2_e 14 1 1 1E3
o2_e 14 1 2 1E3
o2_e 14 1 3 1E3
o2_e 14 1 4 1E3
o2_e 14 2 1 1E3
o2_e 14 2 2 1E3
o2_e 14 2 3 1E3
o2_e 14 2 4 1E3
o2_e 14 3 1 1E3
o2_e 14 3 2 1E3
o2_e 14 3 3 1E3
o2_e 14 3 4 1E3
o2_e 14 4 1 1E3
o2_e 14 4 2 1E3
o2_e 14 4 3 1E3
o2_e 14 4 4 1E3
pi_e 14 1 1 1E3
pi_e 14 1 2 1E3
pi_e 14 1 3 1E3
pi_e 14 1 4 1E3
pi_e 14 2 1 1E3
pi_e 14 2 2 1E3
pi_e 14 2 3 1E3
pi_e 14 2 4 1E3
pi_e 14 3 1 1E3
pi_e 14 3 2 1E3
pi_e 14 3 3 1E3
pi_e 14 3 4 1E3
pi_e 14 4 1 1E3
pi_e 14 4 2 1E3
pi_e 14 4 3 1E3
pi_e 14 4 4 1E3
succ_e 14 1 1 3.1332891107E-4
succ_e 14 1 2 3.1247930946E-4
succ_e 14 1 3 3.1127779284E-4
succ_e 14 1 4 3.1042819335E-4
succ_e 14 2 1 3.136831471E-4
succ_e 14 2 2 3.1283258497E-4
succ_e 14 2 3 3.1162970997E-4
succ_e 14 2 4 3.1077914996E-4
succ_e 14 3 1 3.14184111E-4
succ_e 14 3 2 3.1333219049E-4
succ_e 14 3 3 3.1212739445E-4
succ_e 14 3 4 3.1127547606E-4
succ_e 14 4 1 3.145383449E-4
succ_e 14 4 2 3.1368546388E-4
succ_e 14 4 3 3.1247930946E-4
succ_e 14 4 4 3.1162643056E-4
ac_e 15 1 1 5.0075505909E-3
ac_e 15 1 2 4.4896373724E-3
ac_e 15 1 3 3.9209951111E-3
ac_e 15 1 4 3.5866651949E-3
ac_e 15 2 1 5.7729838719E-3
ac_e 15 2 2 4.9591624492E-3
ac_e 15 2 3 4.1553074556E-3
ac_e 15 2 4 3.7205016068E-3
ac_e 15 3 1 6.6906633589E-3
ac_e 15 3 2 5.5217938353E-3
ac_e 15 3 3 4.4389083287E-3
ac_e 15 3 4 3.886243371E-3
ac_e 15 4 1 6.5283683085E-3
ac_e 15 4 2 5.4962118452E-3
ac_e 15 4 3 4.4896373713E-3
ac_e 15 4 4 3.9525879744E-3
co2_e 15 1 1 1E3
co2_e 15 1 2 1E3
co2_e 15 1 3 1E3
co2_e 15 1 4 1E3
co2_e 15 2 1 1E3
co2_e 15 2 2 1E3
co2_e 15 2 3 1E3
co2_e 15 2 4 1E3
co2_e 15 3 1 1E3
co2_e 15 3 2 1E3
co2_e 15 3 3 1E3
co2_e 15 3 4 1E3
co2_e 15 4 1 1E3
co2_e 15 4 2 1E3
co2_e 15 4 3 1E3
co2_e 15 4 4 1E3
etoh_e 15 1 1 1.5651877438E-4
etoh_e 15 1 2 1.562399855E-4
etoh_e 15 1 3 1.5584571867E-4
etoh_e 15 1 4 1.5556693004E-4
etoh_e 15 2 1 1.566347513E-4
etoh_e 15 2 2 1.5635575585E-4
etoh_e 15 2 3 1.5596119687E-4
etoh_e 15 2 4 1.5568220167E-4
etoh_e 15 3 1 1.5679876727E-4
etoh_e 15 3 2 1.5651947967E-4
etoh_e 15 3 3 1.5612450754E-4
etoh_e 15 3 4 1.558452202E-4
etoh_e 15 4 1 1.5691474394E-4
etoh_e 15 4 2 1.5663524977E-4
etoh_e 15 4 3 1.562399855E-4
etoh_e 15 4 4 1.5596049158E-4
for_e 15 1 1 5.5855932321E-3
for_e 15 1 2 4.9895756757E-3
for_e 15 1 3 4.3352803856E-3
for_e 15 1 4 3.9506453761E-3
for_e 15 2 1 6.4667992764E-3
for_e 15 2 2 5.5300656225E-3
for_e 15 2 3 4.6049406656E-3
for_e 15 2 4 4.104615316E-3
for_e 15 3 1 7.5232502017E-3
for_e 15 3 2 6.1777053472E-3
for_e 15 3 3 4.931297941E-3
for_e 15 3 4 4.2952669126E-3
for_e 15 4 1 7.3362459231E-3
for_e 15 4 2 6.1481162513E-3
for_e 15 4 3 4.9895756746E-3
for_e 15 4 4 4.3715250448E-3
glc__D_e 15 1 1 1.0478453101E1
glc__D_e 15 1 2 1.0488618283E1
glc__D_e 15 1 3 1.0502833758E1
glc__D_e 15 1 4 1.0512819318E1
glc__D_e 15 2 1 1.0477704066E1
glc__D_e 15 2 2 1.0488158771E1
glc__D_e 15 2 3 1.0502604384E1
glc__D_e 15 2 4 1.0512688252E1
glc__D_e 15 3 1 1.0476806022E1
glc__D_e 15 3 2 1.0487608114E1
glc__D_e 15 3 3 1.0502326736E1
glc__D_e 15 3 4 1.051252592E1
glc__D_e 15 4 1 1.0476964697E1
glc__D_e 15 4 2 1.0487633026E1
glc__D_e 15 4 3 1.0502276984E1
glc__D_e 15 4 4 1.051246089E1
h2o_e 15 1 1 1E3
h2o_e 15 1 2 1E3
h2o_e 15 1 3 1E3
h2o_e 15 1 4 1E3
h2o_e 15 2 1 1E3
h2o_e 15 2 2 1E3
h2o_e 15 2 3 1E3
h2o_e 15 2 4 1E3
h2o_e 15 3 1 1E3
h2o_e 15 3 2 1E3
h2o_e 15 3 3 1E3
h2o_e 15 3 4 1E3
h2o_e 15 4 1 1E3
h2o_e 15 4 2 1E3
h2o_e 15 4 3 1E3
h2o_e 15 4 4 1E3
h_e 15 1 1 1E3
h_e 15 1 2 1E3
h_e 15 1 3 1E3
h_e 15 1 4 1E3
h_e 15 2 1 1E3
h_e 15 2 2 1E3
h_e 15 2 3 1E3
h_e 15 2 4 1E3
h_e 15 3 1 1E3
h_e 15 3 2 1E3
h_e 15 3 3 1E3
h_e 15 3 4 1E3
h_e 15 4 1 1E3
h_e 15 4 2 1E3
h_e 15 4 3 1E3
h_e 15 4 4 1E3
nh4_e 15 1 1 1E3
nh4_e 15 1 2 1E3
nh4_e 15 1 3 1E3
nh4_e 15 1 4 1E3
nh4_e 15 2 1 1E3
nh4_e 15 2 2 1E3
nh4_e 15 2 3 1E3
nh4_e 15 2 4 1E3
nh4_e 15 3 1 1E3
nh4_e 15 3 2 1E3
nh4_e 15 3 3 1E3
nh4_e 15 3 4 1E3
nh4_e 15 4 1 1E3
nh4_e 15 4 2 1E3
nh4_e 15 4 3 1E3
nh4_e 15 4 4 1E3
o2_e 15 1 1 1E3
o2_e 15 1 2 1E3
o2_e 15 1 3 1E3
o2_e 15 1 4 1E3
o2_e 15 2 1 1E3
o2_e 15 2 2 1E3
o2_e 15 2 3 1E3
o2_e 15 2 4 1E3
o2_e 15 3 1 1E3
o2_e 15 3 2 1E3
o2_e 15 3 3 1E3
o2_e 15 3 4 1E3
o2_e 15 4 1 1E3
o2_e 15 4 2 1E3
o2_e 15 4 3 1E3
o2_e 15 4 4 1E3
pi_e 15 1 1 1E3
pi_e 15 1 2 1E3
pi_e 15 1 3 1E3
pi_e 15 1 4 1E3
pi_e 15 2 1 1E3
pi_e 15 2 2 1E3
pi_e 15 2 3 1E3
pi_e 15 2 4 1E3
pi_e 15 3 1 1E3
pi_e 15 3 2 1E3
pi_e 15 3 3 1E3
pi_e 15 3 4 1E3
pi_e 15 4 1 1E3
pi_e 15 4 2 1E3
pi_e 15 4 3 1E3
pi_e 15 4 4 1E3
succ_e 15 1 1 3.1303754875E-4
succ_e 15 1 2 3.12479971E-4
succ_e 15 1 3 3.1169143733E-4
succ_e 15 1 4 3.1113386008E-4
succ_e 15 2 1 3.1326950261E-4
succ_e 15 2 2 3.127115117E-4
succ_e 15 2 3 3.1192239375E-4
succ_e 15 2 4 3.1136440334E-4
succ_e 15 3 1 3.1359753454E-4
succ_e 15 3 2 3.1303895934E-4
succ_e 15 3 3 3.1224901509E-4
succ_e 15 3 4 3.116904404E-4
succ_e 15 4 1 3.1382948789E-4
succ_e 15 4 2 3.1327049954E-4
succ_e 15 4 3 3.12479971E-4
succ_e 15 4 4 3.1192098316E-4
ac_e 16 1 1 5.3537951211E-3
ac_e 16 1 2 4.8326783806E-3
ac_e 16 1 3 4.2603096774E-3
ac_e 16 1 4 3.9236963365E-3
ac_e 16 2 1 6.1231778479E-3
ac_e 16 2 2 5.3048061642E-3
ac_e 16 2 3 4.496065039E-3
ac_e 16 2 4 4.0584523865E-3
ac_e 16 3 1 7.0454201112E-3
ac_e 16 3 2 5.8705007896E-3
ac_e 16 3 3 4.781426417E-3
ac_e 16 3 4 4.2253623494E-3
ac_e 16 4 1 6.8830377317E-3
ac_e 16 4 2 5.8452153223E-3
ac_e 16 4 3 4.8326783795E-3
ac_e 16 4 4 4.2922692204E-3
co2_e 16 1 1 1E3
co2_e 16 1 2 1E3
co2_e 16 1 3 1E3
co2_e 16 1 4 1E3
co2_e 16 2 1 1E3
co2_e 16 2 2 1E3
co2_e 16 2 3 1E3
co2_e 16 2 4 1E3
co2_e 16 3 1 1E3
co2_e 16 3 2 1E3
co2_e 16 3 3 1E3
co2_e 16 3 4 1E3
co2_e 16 4 1 1E3
co2_e 16 4 2 1E3
co2_e 16 4 3 1E3
co2_e 16 4 4 1E3
etoh_e 16 1 1 1.564230499E-4
etoh_e 16 1 2 1.562401277E-4
etoh_e 16 1 3 1.5598143668E-4
etoh_e 16 1 4 1.5579851453E-4
etoh_e 16 2 1 1.5649903329E-4
etoh_e 16 2 2 1.5631602223E-4
etoh_e 16 2 3 1.5605720555E-4
etoh_e 16 2 4 1.5587419455E-4
etoh_e 16 3 1 1.5660649E-4
etoh_e 16 3 2 1.5642335327E-4
etoh_e 16 3 3 1.5616435888E-4
etoh_e 16 3 4 1.5598122222E-4
etoh_e 16 4 1 1.5668247333E-4
etoh_e 16 4 2 1.5649924775E-4
etoh_e 16 4 3 1.562401277E-4
etoh_e 16 4 4 1.5605690218E-4
for_e 16 1 1 5.9843783594E-3
for_e 16 1 2 5.384561775E-3
for_e 16 1 3 4.725819622E-3
for_e 16 1 4 4.3384450106E-3
for_e 16 2 1 6.8701779649E-3
for_e 16 2 2 5.928094474E-3
for_e 16 2 3 4.997187163E-3
for_e 16 2 4 4.4935194422E-3
for_e 16 3 1 7.9319477355E-3
for_e 16 3 2 6.5793262427E-3
for_e 16 3 3 5.3256362054E-3
for_e 16 3 4 4.6855806157E-3
for_e 16 4 1 7.7448889619E-3
for_e 16 4 2 6.5501244939E-3
for_e 16 4 3 5.3845617738E-3
for_e 16 4 4 4.7625317529E-3
glc__D_e 16 1 1 1.0483788663E1
glc__D_e 16 1 2 1.049063299E1
glc__D_e 16 1 3 1.0500151281E1
glc__D_e 16 1 4 1.0506815086E1
glc__D_e 16 2 1 1.0483035806E1
glc__D_e 16 2 2 1.0490170973E1
glc__D_e 16 2 3 1.0499920535E1
glc__D_e 16 2 4 1.050668316E1
glc__D_e 16 3 1 1.0482133355E1
glc__D_e 16 3 2 1.0489617376E1
glc__D_e 16 3 3 1.0499641223E1
glc__D_e 16 3 4 1.0506519743E1
glc__D_e 16 4 1 1.0482292156E1
glc__D_e 16 4 2 1.0489642038E1
glc__D_e 16 4 3 1.0499590999E1
glc__D_e 16 4 4 1.0506454203E1
h2o_e 16 1 1 1E3
h2o_e 16 1 2 1E3
h2o_e 16 1 3 1E3
h2o_e 16 1 4 1E3
h2o_e 16 2 1 1E3
h2o_e 16 2 2 1E3
h2o_e 16 2 3 1E3
h2o_e 16 2 4 1E3
h2o_e 16 3 1 1E3
h2o_e 16 3 2 1E3
h2o_e 16 3 3 1E3
h2o_e 16 3 4 1E3
h2o_e 16 4 1 1E3
h2o_e 16 4 2 1E3
h2o_e 16 4 3 1E3
h2o_e 16 4 4 1E3
h_e 16 1 1 1E3
h_e 16 1 2 1E3
h_e 16 1 3 1E3
h_e 16 1 4 1E3
h_e 16 2 1 1E3
h_e 16 2 2 1E3
h_e 16 2 3 1E3
h_e 16 2 4 1E3
h_e 16 3 1 1E3
h_e 16 3 2 1E3
h_e 16 3 3 1E3
h_e 16 3 4 1E3
h_e 16 4 1 1E3
h_e 16 4 2 1E3
h_e 16 4 3 1E3
h_e 16 4 4 1E3
nh4_e 16 1 1 1E3
nh4_e 16 1 2 1E3
nh4_e 16 1 3 1E3
nh4_e 16 1 4 1E3
nh4_e 16 2 1 1E3
nh4_e 16 2 2 1E3
nh4_e 16 2 3 1E3
nh4_e 16 2 4 1E3
nh4_e 16 3 1 1E3
nh4_e 16 3 2 1E3
nh4_e 16 3 3 1E3
nh4_e 16 3 4 1E3
nh4_e 16 4 1 1E3
nh4_e 16 4 2 1E3
nh4_e 16 4 3 1E3
nh4_e 16 4 4 1E3
o2_e 16 1 1 1E3
o2_e 16 1 2 1E3
o2_e 16 1 3 1E3
o2_e 16 1 4 1E3
o2_e 16 2 1 1E3
o2_e 16 2 2 1E3
o2_e 16 2 3 1E3
o2_e 16 2 4 1E3
o2_e 16 3 1 1E3
o2_e 16 3 2 1E3
o2_e 16 3 3 1E3
o2_e 16 3 4 1E3
o2_e 16 4 1 1E3
o2_e 16 4 2 1E3
o2_e 16 4 3 1E3
o2_e 16 4 4 1E3
pi_e 16 1 1 1E3
pi_e 16 1 2 1E3
pi_e 16 1 3 1E3
pi_e 16 1 4 1E3
pi_e 16 2 1 1E3
pi_e 16 2 2 1E3
pi_e 16 2 3 1E3
pi_e 16 2 4 1E3
pi_e 16 3 1 1E3
pi_e 16 3 2 1E3
pi_e 16 3 3 1E3
pi_e 16 3 4 1E3
pi_e 16 4 1 1E3
pi_e 16 4 2 1E3
pi_e 16 4 3 1E3
pi_e 16 4 4 1E3
succ_e 16 1 1 3.1284609981E-4
succ_e 16 1 2 3.124802554E-4
succ_e 16 1 3 3.1196287335E-4
succ_e 16 1 4 3.1159702906E-4
succ_e 16 2 1 3.1299806659E-4
succ_e 16 2 2 3.1263204447E-4
succ_e 16 2 3 3.121144111E-4
succ_e 16 2 4 3.117483891E-4
succ_e 16 3 1 3.1321297999E-4
succ_e 16 3 2 3.1284670655E-4
succ_e 16 3 3 3.1232871776E-4
succ_e 16 3 4 3.1196244444E-4
succ_e 16 4 1 3.1336494666E-4
succ_e 16 4 2 3.129984955E-4
succ_e 16 4 3 3.124802554E-4
succ_e 16 4 4 3.1211380436E-4
ac_e 17 1 1 5.701752988E-3
ac_e 17 1 2 5.1775784383E-3
ac_e 17 1 3 4.6016932498E-3
ac_e 17 1 4 4.2629467404E-3
ac_e 17 2 1 6.4750368051E-3
ac_e 17 2 2 5.6522546308E-3
ac_e 17 2 3 4.8388319282E-3
ac_e 17 2 4 4.3985602142E-3
ac_e 17 3 1 7.4017678621E-3
ac_e 17 3 2 6.2209322483E-3
ac_e 17 3 3 5.1258677985E-3
ac_e 17 3 4 4.5665496519E-3
ac_e 17 4 1 7.2392321703E-3
ac_e 17 4 2 6.19587836E-3
ac_e 17 4 3 5.1775784372E-3
ac_e 17 4 4 4.6339547069E-3
co2_e 17 1 1 1E3
co2_e 17 1 2 1E3
co2_e 17 1 3 1E3
co2_e 17 1 4 1E3
co2_e 17 2 1 1E3
co2_e 17 2 2 1E3
co2_e 17 2 3 1E3
co2_e 17 2 4 1E3
co2_e 17 3 1 1E3
co2_e 17 3 2 1E3
co2_e 17 3 3 1E3
co2_e 17 3 4 1E3
co2_e 17 4 1 1E3
co2_e 17 4 2 1E3
co2_e 17 4 3 1E3
co2_e 17 4 4 1E3
etoh_e 17 1 1 1.5636019192E-4
etoh_e 17 1 2 1.5624018884E-4
etoh_e 17 1 3 1.5607047887E-4
etoh_e 17 1 4 1.559504758E-4
etoh_e 17 2 1 1.564099911E-4
etoh_e 17 2 2 1.562899498E-4
etoh_e 17 2 3 1.5612018578E-4
etoh_e 17 2 4 1.5600014449E-4
etoh_e 17 3 1 1.5648041777E-4
etoh_e 17 3 2 1.5636032241E-4
etoh_e 17 3 3 1.5619048195E-4
etoh_e 17 3 4 1.5607038661E-4
etoh_e 17 4 1 1.5653021693E-4
etoh_e 17 4 2 1.5641008336E-4
etoh_e 17 4 3 1.5624018884E-4
etoh_e 17 4 4 1.5612005528E-4
for_e 17 1 1 6.3850984187E-3
for_e 17 1 2 5.7816885284E-3
for_e 17 1 3 5.1187949229E-3
for_e 17 1 4 4.7288916622E-3
for_e 17 2 1 7.2754200015E-3
for_e 17 2 2 6.328185632E-3
for_e 17 2 3 5.3917852669E-3
for_e 17 2 4 4.8849833108E-3
for_e 17 3 1 8.3424009383E-3
for_e 17 3 2 6.9828946628E-3
for_e 17 3 3 5.7222048121E-3
for_e 17 3 4 5.0783297849E-3
for_e 17 4 1 8.1551957923E-3
for_e 17 4 2 6.9539896575E-3
for_e 17 4 3 5.7816885272E-3
for_e 17 4 4 5.1558845004E-3
glc__D_e 17 1 1 1.0487169706E1
glc__D_e 17 1 2 1.0491836999E1
glc__D_e 17 1 3 1.0498275707E1
glc__D_e 17 1 4 1.0502761573E1
glc__D_e 17 2 1 1.0486413058E1
glc__D_e 17 2 2 1.0491372515E1
glc__D_e 17 2 3 1.0498043635E1
glc__D_e 17 2 4 1.0502628836E1
glc__D_e 17 3 1 1.0485506254E1
glc__D_e 17 3 2 1.0490816037E1
glc__D_e 17 3 3 1.0497762721E1
glc__D_e 17 3 4 1.0502464399E1
glc__D_e 17 4 1 1.0485665231E1
glc__D_e 17 4 2 1.04908405E1
glc__D_e 17 4 3 1.0497712076E1
glc__D_e 17 4 4 1.0502398398E1
h2o_e 17 1 1 1E3
h2o_e 17 1 2 1E3
h2o_e 17 1 3 1E3
h2o_e 17 1 4 1E3
h2o_e 17 2 1 1E3
h2o_e 17 2 2 1E3
h2o_e 17 2 3 1E3
h2o_e 17 2 4 1E3
h2o_e 17 3 1 1E3
h2o_e 17 3 2 1E3
h2o_e 17 3 3 1E3
h2o_e 17 3 4 1E3
h2o_e 17 4 1 1E3
h2o_e 17 4 2 1E3
h2o_e 17 4 3 1E3
h2o_e 17 4 4 1E3
h_e 17 1 1 1E3
h_e 17 1 2 1E3
h_e 17 1 3 1E3
h_e 17 1 4 1E3
h_e 17 2 1 1E3
h_e 17 2 2 1E3
h_e 17 2 3 1E3
h_e 17 2 4 1E3
h_e 17 3 1 1E3
h_e 17 3 2 1E3
h_e 17 3 3 1E3
h_e 17 3 4 1E3
h_e 17 4 1 1E3
h_e 17 4 2 1E3
h_e 17 4 3 1E3
h_e 17 4 4 1E3
nh4_e 17 1 1 1E3
nh4_e 17 1 2 1E3
nh4_e 17 1 3 1E3
nh4_e 17 1 4 1E3
nh4_e 17 2 1 1E3
nh4_e 17 2 2 1E3
nh4_e 17 2 3 1E3
nh4_e 17 2 4 1E3
nh4_e 17 3 1 1E3
nh4_e 17 3 2 1E3
nh4_e 17 3 3 1E3
nh4_e 17 3 4 1E3
nh4_e 17 4 1 1E3
nh4_e 17 4 2 1E3
nh4_e 17 4 3 1E3
nh4_e 17 4 4 1E3
o2_e 17 1 1 1E3
o2_e 17 1 2 1E3
o2_e 17 1 3 1E3
o2_e 17 1 4 1E3
o2_e 17 2 1 1E3
o2_e 17 2 2 1E3
o2_e 17 2 3 1E3
o2_e 17 2 4 1E3
o2_e 17 3 1 1E3
o2_e 17 3 2 1E3
o2_e 17 3 3 1E3
o2_e 17 3 4 1E3
o2_e 17 4 1 1E3
o2_e 17 4 2 1E3
o2_e 17 4 3 1E3
o2_e 17 4 4 1E3
pi_e 17 1 1 1E3
pi_e 17 1 2 1E3
pi_e 17 1 3 1E3
pi_e 17 1 4 1E3
pi_e 17 2 1 1E3
pi_e 17 2 2 1E3
pi_e 17 2 3 1E3
pi_e 17 2 4 1E3
pi_e 17 3 1 1E3
pi_e 17 3 2 1E3
pi_e 17 3 3 1E3
pi_e 17 3 4 1E3
pi_e 17 4 1 1E3
pi_e 17 4 2 1E3
pi_e 17 4 3 1E3
pi_e 17 4 4 1E3
succ_e 17 1 1 3.1272038385E-4
succ_e 17 1 2 3.1248037769E-4
succ_e 17 1 3 3.1214095773E-4
succ_e 17 1 4 3.119009516E-4
succ_e 17 2 1 3.1281998221E-4
succ_e 17 2 2 3.125798996E-4
succ_e 17 2 3 3.1224037155E-4
succ_e 17 2 4 3.1200028898E-4
succ_e 17 3 1 3.1296083553E-4
succ_e 17 3 2 3.1272064483E-4
succ_e 17 3 3 3.123809639E-4
succ_e 17 3 4 3.1214077322E-4
succ_e 17 4 1 3.1306043386E-4
succ_e 17 4 2 3.1282016672E-4
succ_e 17 4 3 3.1248037769E-4
succ_e 17 4 4 3.1224011057E-4
ac_e 18 1 1 6.0514892469E-3
ac_e 18 1 2 5.5243474988E-3
ac_e 18 1 3 4.9450778741E-3
ac_e 18 1 4 4.6042933725E-3
ac_e 18 2 1 6.828648918E-3
ac_e 18 2 2 6.0015407956E-3
ac_e 18 2 3 5.1835629965E-3
ac_e 18 2 4 4.7407247723E-3
ac_e 18 3 1 7.7598274528E-3
ac_e 18 3 2 6.5731536569E-3
ac_e 18 3 3 5.4722196212E-3
ac_e 18 3 4 4.9097370825E-3
ac_e 18 4 1 7.5970955062E-3
ac_e 18 4 2 6.5482893478E-3
ac_e 18 4 3 5.5243474977E-3
ac_e 18 4 4 4.9775989443E-3
co2_e 18 1 1 1E3
co2_e 18 1 2 1E3
co2_e 18 1 3 1E3
co2_e 18 1 4 1E3
co2_e 18 2 1 1E3
co2_e 18 2 2 1E3
co2_e 18 2 3 1E3
co2_e 18 2 4 1E3
co2_e 18 3 1 1E3
co2_e 18 3 2 1E3
co2_e 18 3 3 1E3
co2_e 18 3 4 1E3
co2_e 18 4 1 1E3
co2_e 18 4 2 1E3
co2_e 18 4 3 1E3
co2_e 18 4 4 1E3
etoh_e 18 1 1 1.5631893344E-4
etoh_e 18 1 2 1.5624021514E-4
etoh_e 18 1 3 1.5612889065E-4
etoh_e 18 1 4 1.5605017235E-4
etoh_e 18 2 1 1.5635157932E-4
etoh_e 18 2 2 1.5627284458E-4
etoh_e 18 2 3 1.5616149684E-4
etoh_e 18 2 4 1.560827621E-4
etoh_e 18 3 1 1.5639774756E-4
etoh_e 18 3 2 1.5631898957E-4
etoh_e 18 3 3 1.5620760895E-4
etoh_e 18 3 4 1.5612885096E-4
etoh_e 18 4 1 1.5643039344E-4
etoh_e 18 4 2 1.5635161901E-4
etoh_e 18 4 3 1.5624021514E-4
etoh_e 18 4 4 1.5616144071E-4
for_e 18 1 1 6.7878412906E-3
for_e 18 1 2 6.180967342E-3
for_e 18 1 3 5.514109565E-3
for_e 18 1 4 5.1218121589E-3
for_e 18 2 1 7.6826453907E-3
for_e 18 2 2 6.7303824369E-3
for_e 18 2 3 5.7886699351E-3
for_e 18 2 4 5.2788652585E-3
for_e 18 3 1 8.7547752108E-3
for_e 18 3 2 7.3884990887E-3
for_e 18 3 3 6.1209835125E-3
for_e 18 3 4 5.4734173119E-3
for_e 18 4 1 8.5673638472E-3
for_e 18 4 2 7.3598321001E-3
for_e 18 4 3 6.1809673408E-3
for_e 18 4 4 5.5515176762E-3
glc__D_e 18 1 1 1.0489268244E1
glc__D_e 18 1 2 1.0492508677E1
glc__D_e 18 1 3 1.0496928708E1
glc__D_e 18 1 4 1.0499986806E1
glc__D_e 18 2 1 1.0488507821E1
glc__D_e 18 2 2 1.0492041748E1
glc__D_e 18 2 3 1.0496695336E1
glc__D_e 18 2 4 1.0499853286E1
glc__D_e 18 3 1 1.048759669E1
glc__D_e 18 3 2 1.0491482423E1
glc__D_e 18 3 3 1.0496412862E1
glc__D_e 18 3 4 1.0499687873E1
glc__D_e 18 4 1 1.0487755877E1
glc__D_e 18 4 2 1.0491506718E1
glc__D_e 18 4 3 1.0496361825E1
glc__D_e 18 4 4 1.0499621443E1
h2o_e 18 1 1 1E3
h2o_e 18 1 2 1E3
h2o_e 18 1 3 1E3
h2o_e 18 1 4 1E3
h2o_e 18 2 1 1E3
h2o_e 18 2 2 1E3
h2o_e 18 2 3 1E3
h2o_e 18 2 4 1E3
h2o_e 18 3 1 1E3
h2o_e 18 3 2 1E3
h2o_e 18 3 3 1E3
h2o_e 18 3 4 1E3
h2o_e 18 4 1 1E3
h2o_e 18 4 2 1E3
h2o_e 18 4 3 1E3
h2o_e 18 4 4 1E3
h_e 18 1 1 1E3
h_e 18 1 2 1E3
h_e 18 1 3 1E3
h_e 18 1 4 1E3
h_e 18 2 1 1E3
h_e 18 2 2 1E3
h_e 18 2 3 1E3
h_e 18 2 4 1E3
h_e 18 3 1 1E3
h_e 18 3 2 1E3
h_e 18 3 3 1E3
h_e 18 3 4 1E3
h_e 18 4 1 1E3
h_e 18 4 2 1E3
h_e 18 4 3 1E3
h_e 18 4 4 1E3
nh4_e 18 1 1 1E3
nh4_e 18 1 2 1E3
nh4_e 18 1 3 1E3
nh4_e 18 1 4 1E3
nh4_e 18 2 1 1E3
nh4_e 18 2 2 1E3
nh4_e 18 2 3 1E3
nh4_e 18 2 4 1E3
nh4_e 18 3 1 1E3
nh4_e 18 3 2 1E3
nh4_e 18 3 3 1E3
nh4_e 18 3 4 1E3
nh4_e 18 4 1 1E3
nh4_e 18 4 2 1E3
nh4_e 18 4 3 1E3
nh4_e 18 4 4 1E3
o2_e 18 1 1 1E3
o2_e 18 1 2 1E3
o2_e 18 1 3 1E3
o2_e 18 1 4 1E3
o2_e 18 2 1 1E3
o2_e 18 2 2 1E3
o2_e 18 2 3 1E3
o2_e 18 2 4 1E3
o2_e 18 3 1 1E3
o2_e 18 3 2 1E3
o2_e 18 3 3 1E3
o2_e 18 3 4 1E3
o2_e 18 4 1 1E3
o2_e 18 4 2 1E3
o2_e 18 4 3 1E3
o2_e 18 4 4 1E3
pi_e 18 1 1 1E3
pi_e 18 1 2 1E3
pi_e 18 1 3 1E3
pi_e 18 1 4 1E3
pi_e 18 2 1 1E3
pi_e 18 2 2 1E3
pi_e 18 2 3 1E3
pi_e 18 2 4 1E3
pi_e 18 3 1 1E3
pi_e 18 3 2 1E3
pi_e 18 3 3 1E3
pi_e 18 3 4 1E3
pi_e 18 4 1 1E3
pi_e 18 4 2 1E3
pi_e 18 4 3 1E3
pi_e 18 4 4 1E3
succ_e 18 1 1 3.1263786689E-4
succ_e 18 1 2 3.1248043028E-4
succ_e 18 1 3 3.122577813E-4
succ_e 18 1 4 3.121003447E-4
succ_e 18 2 1 3.1270315864E-4
succ_e 18 2 2 3.1254568916E-4
succ_e 18 2 3 3.1232299368E-4
succ_e 18 2 4 3.121655242E-4
succ_e 18 3 1 3.1279549513E-4
succ_e 18 3 2 3.1263797914E-4
succ_e 18 3 3 3.124152179E-4
succ_e 18 3 4 3.1225770193E-4
succ_e 18 4 1 3.1286078688E-4
succ_e 18 4 2 3.1270323802E-4
succ_e 18 4 3 3.1248043028E-4
succ_e 18 4 4 3.1232288142E-4
ac_e 19 1 1 6.4030501757E-3
ac_e 19 1 2 5.8729956374E-3
ac_e 19 1 3 5.2904224462E-3
ac_e 19 1 4 4.9476589488E-3
ac_e 19 2 1 7.1840756208E-3
ac_e 19 2 2 6.35268982E-3
ac_e 19 2 3 5.5302321391E-3
ac_e 19 2 4 5.08488372E-3
ac_e 19 3 1 8.1196817226E-3
ac_e 19 3 2 6.9272114936E-3
ac_e 19 3 3 5.8204769837E-3
ac_e 19 3 4 5.2548834293E-3
ac_e 19 4 1 7.9567256571E-3
ac_e 19 4 2 6.9025098006E-3
ac_e 19 4 3 5.8729956362E-3
ac_e 19 4 4 5.3231756543E-3
co2_e 19 1 1 1E3
co2_e 19 1 2 1E3
co2_e 19 1 3 1E3
co2_e 19 1 4 1E3
co2_e 19 2 1 1E3
co2_e 19 2 2 1E3
co2_e 19 2 3 1E3
co2_e 19 2 4 1E3
co2_e 19 3 1 1E3
co2_e 19 3 2 1E3
co2_e 19 3 3 1E3
co2_e 19 3 4 1E3
co2_e 19 4 1 1E3
co2_e 19 4 2 1E3
co2_e 19 4 3 1E3
co2_e 19 4 4 1E3
etoh_e 19 1 1 1.5629185989E-4
etoh_e 19 1 2 1.5624022645E-4
etoh_e 19 1 3 1.5616720573E-4
etoh_e 19 1 4 1.5611557229E-4
etoh_e 19 2 1 1.5631326424E-4
etoh_e 19 2 2 1.5626162372E-4
etoh_e 19 2 3 1.5618859301E-4
etoh_e 19 2 4 1.5613695249E-4
etoh_e 19 3 1 1.5634353455E-4
etoh_e 19 3 2 1.5629188404E-4
etoh_e 19 3 3 1.5621883918E-4
etoh_e 19 3 4 1.5616718866E-4
etoh_e 19 4 1 1.563649389E-4
etoh_e 19 4 2 1.5631328131E-4
etoh_e 19 4 3 1.5624022645E-4
etoh_e 19 4 4 1.5618856886E-4
for_e 19 1 1 7.192668799E-3
for_e 19 1 2 6.5824097932E-3
for_e 19 1 3 5.9117040881E-3
for_e 19 1 4 5.5170968204E-3
for_e 19 2 1 8.0919370004E-3
for_e 19 2 2 7.1347174104E-3
for_e 19 2 3 6.1878025246E-3
for_e 19 2 4 5.6750763388E-3
for_e 19 3 1 9.169183148E-3
for_e 19 3 2 7.7962016399E-3
for_e 19 3 3 6.521963093E-3
for_e 19 3 4 5.8707835669E-3
for_e 19 4 1 8.981526675E-3
for_e 19 4 2 7.767734828E-3
for_e 19 4 3 6.5824097919E-3
for_e 19 4 4 5.9493923727E-3
glc__D_e 19 1 1 1.0490525011E1
glc__D_e 19 1 2 1.049283059E1
glc__D_e 19 1 3 1.0495927739E1
glc__D_e 19 1 4 1.0498050069E1
glc__D_e 19 2 1 1.0489760818E1
glc__D_e 19 2 2 1.0492361226E1
glc__D_e 19 2 3 1.0495693083E1
glc__D_e 19 2 4 1.0497915784E1
glc__D_e 19 3 1 1.0488845371E1
glc__D_e 19 3 2 1.0491799071E1
glc__D_e 19 3 3 1.049540907E1
glc__D_e 19 3 4 1.0497749422E1
glc__D_e 19 4 1 1.0489004788E1
glc__D_e 19 4 2 1.0491823218E1
glc__D_e 19 4 3 1.0495357663E1
glc__D_e 19 4 4 1.0497682582E1
h2o_e 19 1 1 1E3
h2o_e 19 1 2 1E3
h2o_e 19 1 3 1E3
h2o_e 19 1 4 1E3
h2o_e 19 2 1 1E3
h2o_e 19 2 2 1E3
h2o_e 19 2 3 1E3
h2o_e 19 2 4 1E3
h2o_e 19 3 1 1E3
h2o_e 19 3 2 1E3
h2o_e 19 3 3 1E3
h2o_e 19 3 4 1E3
h2o_e 19 4 1 1E3
h2o_e 19 4 2 1E3
h2o_e 19 4 3 1E3
h2o_e 19 4 4 1E3
h_e 19 1 1 1E3
h_e 19 1 2 1E3
h_e 19 1 3 1E3
h_e 19 1 4 1E3
h_e 19 2 1 1E3
h_e 19 2 2 1E3
h_e 19 2 3 1E3
h_e 19 2 4 1E3
h_e 19 3 1 1E3
h_e 19 3 2 1E3
h_e 19 3 3 1E3
h_e 19 3 4 1E3
h_e 19 4 1 1E3
h_e 19 4 2 1E3
h_e 19 4 3 1E3
h_e 19 4 4 1E3
nh4_e 19 1 1 1E3
nh4_e 19 1 2 1E3
nh4_e 19 1 3 1E3
nh4_e 19 1 4 1E3
nh4_e 19 2 1 1E3
nh4_e 19 2 2 1E3
nh4_e 19 2 3 1E3
nh4_e 19 2 4 1E3
nh4_e 19 3 1 1E3
nh4_e 19 3 2 1E3
nh4_e 19 3 3 1E3
nh4_e 19 3 4 1E3
nh4_e 19 4 1 1E3
nh4_e 19 4 2 1E3
nh4_e 19 4 3 1E3
nh4_e 19 4 4 1E3
o2_e 19 1 1 1E3
o2_e 19 1 2 1E3
o2_e 19 1 3 1E3
o2_e 19 1 4 1E3
o2_e 19 2 1 1E3
o2_e 19 2 2 1E3
o2_e 19 2 3 1E3
o2_e 19 2 4 1E3
o2_e 19 3 1 1E3
o2_e 19 3 2 1E3
o2_e 19 3 3 1E3
o2_e 19 3 4 1E3
o2_e 19 4 1 1E3
o2_e 19 4 2 1E3
o2_e 19 4 3 1E3
o2_e 19 4 4 1E3
pi_e 19 1 1 1E3
pi_e 19 1 2 1E3
pi_e 19 1 3 1E3
pi_e 19 1 4 1E3
pi_e 19 2 1 1E3
pi_e 19 2 2 1E3
pi_e 19 2 3 1E3
pi_e 19 2 4 1E3
pi_e 19 3 1 1E3
pi_e 19 3 2 1E3
pi_e 19 3 3 1E3
pi_e 19 3 4 1E3
pi_e 19 4 1 1E3
pi_e 19 4 2 1E3
pi_e 19 4 3 1E3
pi_e 19 4 4 1E3
succ_e 19 1 1 3.1258371979E-4
succ_e 19 1 2 3.124804529E-4
succ_e 19 1 3 3.1233441146E-4
succ_e 19 1 4 3.1223114458E-4
succ_e 19 2 1 3.1262652848E-4
succ_e 19 2 2 3.1252324745E-4
succ_e 19 2 3 3.1237718601E-4
succ_e 19 2 4 3.1227390498E-4
succ_e 19 3 1 3.126870691E-4
succ_e 19 3 2 3.1258376807E-4
succ_e 19 3 3 3.1243767835E-4
succ_e 19 3 4 3.1233437732E-4
succ_e 19 4 1 3.1272987779E-4
succ_e 19 4 2 3.1262656262E-4
succ_e 19 4 3 3.124804529E-4
succ_e 19 4 4 3.1237713773E-4
ac_e 20 1 1 6.7564697197E-3
ac_e 20 1 2 6.2235330132E-3
ac_e 20 1 3 5.6377035058E-3
ac_e 20 1 4 5.2929962454E-3
ac_e 20 2 1 7.5413608144E-3
ac_e 20 2 2 6.7057217727E-3
ac_e 20 2 3 5.8788257519E-3
ac_e 20 2 4 5.4309996578E-3
ac_e 20 3 1 8.4813886226E-3
ac_e 20 3 2 7.2831398221E-3
ac_e 20 3 3 6.1706402115E-3
ac_e 20 3 4 5.6019651822E-3
ac_e 20 4 1 8.3181904512E-3
ac_e 20 4 2 7.258583642E-3
ac_e 20 4 3 6.2235330121E-3
ac_e 20 4 4 5.6706711412E-3
co2_e 20 1 1 1E3
co2_e 20 1 2 1E3
co2_e 20 1 3 1E3
co2_e 20 1 4 1E3
co2_e 20 2 1 1E3
co2_e 20 2 2 1E3
co2_e 20 2 3 1E3
co2_e 20 2 4 1E3
co2_e 20 3 1 1E3
co2_e 20 3 2 1E3
co2_e 20 3 3 1E3
co2_e 20 3 4 1E3
co2_e 20 4 1 1E3
co2_e 20 4 2 1E3
co2_e 20 4 3 1E3
co2_e 20 4 4 1E3
etoh_e 20 1 1 1.5627409764E-4
etoh_e 20 1 2 1.5624023131E-4
etoh_e 20 1 3 1.5619233709E-4
etoh_e 20 1 4 1.5615847076E-4
etoh_e 20 2 1 1.5628813288E-4
etoh_e 20 2 2 1.5625426351E-4
etoh_e 20 2 3 1.5620636498E-4
etoh_e 20 2 4 1.5617249561E-4
etoh_e 20 3 1 1.563079817E-4
etoh_e 20 3 2 1.5627410803E-4
etoh_e 20 3 3 1.5622620342E-4
etoh_e 20 3 4 1.5619232975E-4
etoh_e 20 4 1 1.5632201694E-4
etoh_e 20 4 2 1.5628814022E-4
etoh_e 20 4 3 1.5624023131E-4
etoh_e 20 4 4 1.562063546E-4
for_e 20 1 1 7.5996256417E-3
for_e 20 1 2 6.9860275692E-3
for_e 20 1 3 6.3115435176E-3
for_e 20 1 4 5.9146776876E-3
for_e 20 2 1 8.5033533404E-3
for_e 20 2 2 7.5412159901E-3
for_e 20 2 3 6.5891617382E-3
for_e 20 2 4 6.0735622251E-3
for_e 20 3 1 9.5857027593E-3
for_e 20 3 2 8.2060471787E-3
for_e 20 3 3 6.9251415892E-3
for_e 20 3 4 6.2703934982E-3
for_e 20 4 1 9.3977760066E-3
for_e 20 4 2 8.1777563969E-3
for_e 20 4 3 6.9860275679E-3
for_e 20 4 4 6.3494871593E-3
glc__D_e 20 1 1 1.0491229059E1
glc__D_e 20 1 2 1.0492922468E1
glc__D_e 20 1 3 1.0495153076E1
glc__D_e 20 1 4 1.0496662318E1
glc__D_e 20 2 1 1.0490461091E1
glc__D_e 20 2 2 1.049245067E1
glc__D_e 20 2 3 1.0494917143E1
glc__D_e 20 2 4 1.0496527278E1
glc__D_e 20 3 1 1.0489541328E1
glc__D_e 20 3 2 1.0491885692E1
glc__D_e 20 3 3 1.0494631605E1
glc__D_e 20 3 4 1.0496359982E1
glc__D_e 20 4 1 1.048970099E1
glc__D_e 20 4 2 1.0491909704E1
glc__D_e 20 4 3 1.049457984E1
glc__D_e 20 4 4 1.0496292744E1
h2o_e 20 1 1 1E3
h2o_e 20 1 2 1E3
h2o_e 20 1 3 1E3
h2o_e 20 1 4 1E3
h2o_e 20 2 1 1E3
h2o_e 20 2 2 1E3
h2o_e 20 2 3 1E3
h2o_e 20 2 4 1E3
h2o_e 20 3 1 1E3
h2o_e 20 3 2 1E3
h2o_e 20 3 3 1E3
h2o_e 20 3 4 1E3
h2o_e 20 4 1 1E3
h2o_e 20 4 2 1E3
h2o_e 20 4 3 1E3
h2o_e 20 4 4 1E3
h_e 20 1 1 1E3
h_e 20 1 2 1E3
h_e 20 1 3 1E3
h_e 20 1 4 1E3
h_e 20 2 1 1E3
h_e 20 2 2 1E3
h_e 20 2 3 1E3
h_e 20 2 4 1E3
h_e 20 3 1 1E3
h_e 20 3 2 1E3
h_e 20 3 3 1E3
h_e 20 3 4 1E3
h_e 20 4 1 1E3
h_e 20 4 2 1E3
h_e 20 4 3 1E3
h_e 20 4 4 1E3
nh4_e 20 1 1 1E3
nh4_e 20 1 2 1E3
nh4_e 20 1 3 1E3
nh4_e 20 1 4 1E3
nh4_e 20 2 1 1E3
nh4_e 20 2 2 1E3
nh4_e 20 2 3 1E3
nh4_e 20 2 4 1E3
nh4_e 20 3 1 1E3
nh4_e 20 3 2 1E3
nh4_e 20 3 3 1E3
nh4_e 20 3 4 1E3
nh4_e 20 4 1 1E3
nh4_e 20 4 2 1E3
nh4_e 20 4 3 1E3
nh4_e 20 4 4 1E3
o2_e 20 1 1 1E3
o2_e 20 1 2 1E3
o2_e 20 1 3 1E3
o2_e 20 1 4 1E3
o2_e 20 2 1 1E3
o2_e 20 2 2 1E3
o2_e 20 2 3 1E3
o2_e 20 2 4 1E3
o2_e 20 3 1 1E3
o2_e 20 3 2 1E3
o2_e 20 3 3 1E3
o2_e 20 3 4 1E3
o2_e 20 4 1 1E3
o2_e 20 4 2 1E3
o2_e 20 4 3 1E3
o2_e 20 4 4 1E3
pi_e 20 1 1 1E3
pi_e 20 1 2 1E3
pi_e 20 1 3 1E3
pi_e 20 1 4 1E3
pi_e 20 2 1 1E3
pi_e 20 2 2 1E3
pi_e 20 2 3 1E3
pi_e 20 2 4 1E3
pi_e 20 3 1 1E3
pi_e 20 3 2 1E3
pi_e 20 3 3 1E3
pi_e 20 3 4 1E3
pi_e 20 4 1 1E3
pi_e 20 4 2 1E3
pi_e 20 4 3 1E3
pi_e 20 4 4 1E3
succ_e 20 1 1 3.1254819529E-4
succ_e 20 1 2 3.1248046263E-4
succ_e 20 1 3 3.1238467418E-4
succ_e 20 1 4 3.1231694152E-4
succ_e 20 2 1 3.1257626576E-4
succ_e 20 2 2 3.1250852702E-4
succ_e 20 2 3 3.1241272997E-4
succ_e 20 2 4 3.1234499123E-4
succ_e 20 3 1 3.126159634E-4
succ_e 20 3 2 3.1254821606E-4
succ_e 20 3 3 3.1245240684E-4
succ_e 20 3 4 3.123846595E-4
succ_e 20 4 1 3.1264403387E-4
succ_e 20 4 2 3.1257628044E-4
succ_e 20 4 3 3.1248046263E-4
succ_e 20 4 4 3.124127092E-4
ac_e 21 1 1 7.1117737394E-3
ac_e 21 1 2 6.5759698534E-3
ac_e 21 1 3 5.9869091897E-3
ac_e 21 1 4 5.6402777883E-3
ac_e 21 2 1 7.9005369132E-3
ac_e 21 2 2 7.0606533987E-3
ac_e 21 2 3 6.2293384509E-3
ac_e 21 2 4 5.7790515691E-3
ac_e 21 3 1 8.8449898067E-3
ac_e 21 3 2 7.6409645866E-3
ac_e 21 3 3 6.522713075E-3
ac_e 21 3 4 5.950970453E-3
ac_e 21 4 1 8.681538018E-3
ac_e 21 4 2 7.6165432846E-3
ac_e 21 4 3 6.5759698522E-3
ac_e 21 4 4 6.0200799646E-3
co2_e 21 1 1 1E3
co2_e 21 1 2 1E3
co2_e 21 1 3 1E3
co2_e 21 1 4 1E3
co2_e 21 2 1 1E3
co2_e 21 2 2 1E3
co2_e 21 2 3 1E3
co2_e 21 2 4 1E3
co2_e 21 3 1 1E3
co2_e 21 3 2 1E3
co2_e 21 3 3 1E3
co2_e 21 3 4 1E3
co2_e 21 4 1 1E3
co2_e 21 4 2 1E3
co2_e 21 4 3 1E3
co2_e 21 4 4 1E3
etoh_e 21 1 1 1.5626244569E-4
etoh_e 21 1 2 1.5624023341E-4
etoh_e 21 1 3 1.562088205E-4
etoh_e 21 1 4 1.5618660822E-4
etoh_e 21 2 1 1.5627164947E-4
etoh_e 21 2 2 1.5624943588E-4
etoh_e 21 2 3 1.5621802113E-4
etoh_e 21 2 4 1.5619580754E-4
etoh_e 21 3 1 1.5628466559E-4
etoh_e 21 3 2 1.5626245015E-4
etoh_e 21 3 3 1.5623103278E-4
etoh_e 21 3 4 1.5620881734E-4
etoh_e 21 4 1 1.5629386938E-4
etoh_e 21 4 2 1.5627165263E-4
etoh_e 21 4 3 1.5624023341E-4
etoh_e 21 4 4 1.5621801666E-4
for_e 21 1 1 8.0087452811E-3
for_e 21 1 2 7.3918324411E-3
for_e 21 1 3 6.7136089699E-3
for_e 21 1 4 6.3145142113E-3
for_e 21 2 1 8.9169369573E-3
for_e 21 2 2 7.9498989859E-3
for_e 21 2 3 6.9927376814E-3
for_e 21 2 4 6.4742913289E-3
for_e 21 3 1 1.0004389404E-2
for_e 21 3 2 8.6180692763E-3
for_e 21 3 3 7.3305218091E-3
for_e 21 3 4 6.6722281847E-3
for_e 21 4 1 9.8161761946E-3
for_e 21 4 2 8.5899393592E-3
for_e 21 4 3 7.3918324397E-3
for_e 21 4 4 6.7517920645E-3
glc__D_e 21 1 1 1.0491569956E1
glc__D_e 21 1 2 1.0492862832E1
glc__D_e 21 1 3 1.0494526194E1
glc__D_e 21 1 4 1.049563398E1
glc__D_e 21 2 1 1.0490798205E1
glc__D_e 21 2 2 1.0492388598E1
glc__D_e 21 2 3 1.0494288987E1
glc__D_e 21 2 4 1.0495498191E1
glc__D_e 21 3 1 1.0489874119E1
glc__D_e 21 3 2 1.0491820796E1
glc__D_e 21 3 3 1.049400193E1
glc__D_e 21 3 4 1.0495329969E1
glc__D_e 21 4 1 1.0490034034E1
glc__D_e 21 4 2 1.0491844681E1
glc__D_e 21 4 3 1.0493949813E1
glc__D_e 21 4 4 1.0495262341E1
h2o_e 21 1 1 1E3
h2o_e 21 1 2 1E3
h2o_e 21 1 3 1E3
h2o_e 21 1 4 1E3
h2o_e 21 2 1 1E3
h2o_e 21 2 2 1E3
h2o_e 21 2 3 1E3
h2o_e 21 2 4 1E3
h2o_e 21 3 1 1E3
h2o_e 21 3 2 1E3
h2o_e 21 3 3 1E3
h2o_e 21 3 4 1E3
h2o_e 21 4 1 1E3
h2o_e 21 4 2 1E3
h2o_e 21 4 3 1E3
h2o_e 21 4 4 1E3
h_e 21 1 1 1E3
h_e 21 1 2 1E3
h_e 21 1 3 1E3
h_e 21 1 4 1E3
h_e 21 2 1 1E3
h_e 21 2 2 1E3
h_e 21 2 3 1E3
h_e 21 2 4 1E3
h_e 21 3 1 1E3
h_e 21 3 2 1E3
h_e 21 3 3 1E3
h_e 21 3 4 1E3
h_e 21 4 1 1E3
h_e 21 4 2 1E3
h_e 21 4 3 1E3
h_e 21 4 4 1E3
nh4_e 21 1 1 1E3
nh4_e 21 1 2 1E3
nh4_e 21 1 3 1E3
nh4_e 21 1 4 1E3
nh4_e 21 2 1 1E3
nh4_e 21 2 2 1E3
nh4_e 21 2 3 1E3
nh4_e 21 2 4 1E3
nh4_e 21 3 1 1E3
nh4_e 21 3 2 1E3
nh4_e 21 3 3 1E3
nh4_e 21 3 4 1E3
nh4_e 21 4 1 1E3
nh4_e 21 4 2 1E3
nh4_e 21 4 3 1E3
nh4_e 21 4 4 1E3
o2_e 21 1 1 1E3
o2_e 21 1 2 1E3
o2_e 21 1 3 1E3
o2_e 21 1 4 1E3
o2_e 21 2 1 1E3
o2_e 21 2 2 1E3
o2_e 21 2 3 1E3
o2_e 21 2 4 1E3
o2_e 21 3 1 1E3
o2_e 21 3 2 1E3
o2_e 21 3 3 1E3
o2_e 21 3 4 1E3
o2_e 21 4 1 1E3
o2_e 21 4 2 1E3
o2_e 21 4 3 1E3
o2_e 21 4 4 1E3
pi_e 21 1 1 1E3
pi_e 21 1 2 1E3
pi_e 21 1 3 1E3
pi_e 21 1 4 1E3
pi_e 21 2 1 1E3
pi_e 21 2 2 1E3
pi_e 21 2 3 1E3
pi_e 21 2 4 1E3
pi_e 21 3 1 1E3
pi_e 21 3 2 1E3
pi_e 21 3 3 1E3
pi_e 21 3 4 1E3
pi_e 21 4 1 1E3
pi_e 21 4 2 1E3
pi_e 21 4 3 1E3
pi_e 21 4 4 1E3
succ_e 21 1 1 3.1252489137E-4
succ_e 21 1 2 3.1248046681E-4
succ_e 21 1 3 3.12417641E-4
succ_e 21 1 4 3.1237321644E-4
succ_e 21 2 1 3.1254329894E-4
succ_e 21 2 2 3.1249887177E-4
succ_e 21 2 3 3.1243604225E-4
succ_e 21 2 4 3.1239161508E-4
succ_e 21 3 1 3.1256933118E-4
succ_e 21 3 2 3.125249003E-4
succ_e 21 3 3 3.1246206556E-4
succ_e 21 3 4 3.1241763468E-4
succ_e 21 4 1 3.1258773875E-4
succ_e 21 4 2 3.1254330526E-4
succ_e 21 4 3 3.1248046681E-4
succ_e 21 4 4 3.1243603332E-4
ac_e 22 1 1 7.4689828054E-3
ac_e 22 1 2 6.9303164457E-3
ac_e 22 1 3 6.3380352626E-3
ac_e 22 1 4 5.9894890818E-3
ac_e 22 2 1 8.2616288152E-3
ac_e 22 2 2 7.4174992813E-3
ac_e 22 2 3 6.5817702638E-3
ac_e 22 2 4 6.1290292042E-3
ac_e 22 3 1 9.2105162633E-3
ac_e 22 3 2 8.0007064266E-3
ac_e 22 3 3 6.8767016217E-3
ac_e 22 3 4 6.301894992E-3
ac_e 22 4 1 9.0468035943E-3
ac_e 22 4 2 7.9764136134E-3
ac_e 22 4 3 6.9303164445E-3
ac_e 22 4 4 6.3714021106E-3
co2_e 22 1 1 1E3
co2_e 22 1 2 1E3
co2_e 22 1 3 1E3
co2_e 22 1 4 1E3
co2_e 22 2 1 1E3
co2_e 22 2 2 1E3
co2_e 22 2 3 1E3
co2_e 22 2 4 1E3
co2_e 22 3 1 1E3
co2_e 22 3 2 1E3
co2_e 22 3 3 1E3
co2_e 22 3 4 1E3
co2_e 22 4 1 1E3
co2_e 22 4 2 1E3
co2_e 22 4 3 1E3
co2_e 22 4 4 1E3
etoh_e 22 1 1 1.5625480265E-4
etoh_e 22 1 2 1.5624023431E-4
etoh_e 22 1 3 1.5621963155E-4
etoh_e 22 1 4 1.5620506321E-4
etoh_e 22 2 1 1.5626083842E-4
etoh_e 22 2 2 1.5624626951E-4
etoh_e 22 2 3 1.5622566596E-4
etoh_e 22 2 4 1.5621109705E-4
etoh_e 22 3 1 1.5626937428E-4
etoh_e 22 3 2 1.5625480457E-4
etoh_e 22 3 3 1.562341999E-4
etoh_e 22 3 4 1.5621963019E-4
etoh_e 22 4 1 1.5627541004E-4
etoh_e 22 4 2 1.5626083978E-4
etoh_e 22 4 3 1.5624023431E-4
etoh_e 22 4 4 1.5622566404E-4
for_e 22 1 1 8.4200538231E-3
for_e 22 1 2 7.7998362526E-3
for_e 22 1 3 7.1178921411E-3
for_e 22 1 4 6.7165838518E-3
for_e 22 2 1 9.3327199461E-3
for_e 22 2 2 8.3607841931E-3
for_e 22 2 3 7.3985279621E-3
for_e 22 2 4 6.8772470008E-3
for_e 22 3 1 1.0425283614E-2
for_e 22 3 2 9.0322941229E-3
for_e 22 3 3 7.7381097108E-3
for_e 22 3 4 7.0762793023E-3
for_e 22 4 1 1.0236773669E-2
for_e 22 4 2 9.0043157992E-3
for_e 22 4 3 7.7998362512E-3
for_e 22 4 4 7.156304643E-3
glc__D_e 22 1 1 1.0491672028E1
glc__D_e 22 1 2 1.0492703176E1
glc__D_e 22 1 3 1.049399559E1
glc__D_e 22 1 4 1.049484072E1
glc__D_e 22 2 1 1.0490896481E1
glc__D_e 22 2 2 1.04922265E1
glc__D_e 22 2 3 1.0493757108E1
glc__D_e 22 2 4 1.0494704185E1
glc__D_e 22 3 1 1.0489968061E1
glc__D_e 22 3 2 1.049165587E1
glc__D_e 22 3 3 1.0493468533E1
glc__D_e 22 3 4 1.0494535041E1
glc__D_e 22 4 1 1.0490128235E1
glc__D_e 22 4 2 1.0491679632E1
glc__D_e 22 4 3 1.0493416069E1
glc__D_e 22 4 4 1.0494467028E1
h2o_e 22 1 1 1E3
h2o_e 22 1 2 1E3
h2o_e 22 1 3 1E3
h2o_e 22 1 4 1E3
h2o_e 22 2 1 1E3
h2o_e 22 2 2 1E3
h2o_e 22 2 3 1E3
h2o_e 22 2 4 1E3
h2o_e 22 3 1 1E3
h2o_e 22 3 2 1E3
h2o_e 22 3 3 1E3
h2o_e 22 3 4 1E3
h2o_e 22 4 1 1E3
h2o_e 22 4 2 1E3
h2o_e 22 4 3 1E3
h2o_e 22 4 4 1E3
h_e 22 1 1 1E3
h_e 22 1 2 1E3
h_e 22 1 3 1E3
h_e 22 1 4 1E3
h_e 22 2 1 1E3
h_e 22 2 2 1E3
h_e 22 2 3 1E3
h_e 22 2 4 1E3
h_e 22 3 1 1E3
h_e 22 3 2 1E3
h_e 22 3 3 1E3
h_e 22 3 4 1E3
h_e 22 4 1 1E3
h_e 22 4 2 1E3
h_e 22 4 3 1E3
h_e 22 4 4 1E3
nh4_e 22 1 1 1E3
nh4_e 22 1 2 1E3
nh4_e 22 1 3 1E3
nh4_e 22 1 4 1E3
nh4_e 22 2 1 1E3
nh4_e 22 2 2 1E3
nh4_e 22 2 3 1E3
nh4_e 22 2 4 1E3
nh4_e 22 3 1 1E3
nh4_e 22 3 2 1E3
nh4_e 22 3 3 1E3
nh4_e 22 3 4 1E3
nh4_e 22 4 1 1E3
nh4_e 22 4 2 1E3
nh4_e 22 4 3 1E3
nh4_e 22 4 4 1E3
o2_e 22 1 1 1E3
o2_e 22 1 2 1E3
o2_e 22 1 3 1E3
o2_e 22 1 4 1E3
o2_e 22 2 1 1E3
o2_e 22 2 2 1E3
o2_e 22 2 3 1E3
o2_e 22 2 4 1E3
o2_e 22 3 1 1E3
o2_e 22 3 2 1E3
o2_e 22 3 3 1E3
o2_e 22 3 4 1E3
o2_e 22 4 1 1E3
o2_e 22 4 2 1E3
o2_e 22 4 3 1E3
o2_e 22 4 4 1E3
pi_e 22 1 1 1E3
pi_e 22 1 2 1E3
pi_e 22 1 3 1E3
pi_e 22 1 4 1E3
pi_e 22 2 1 1E3
pi_e 22 2 2 1E3
pi_e 22 2 3 1E3
pi_e 22 2 4 1E3
pi_e 22 3 1 1E3
pi_e 22 3 2 1E3
pi_e 22 3 3 1E3
pi_e 22 3 4 1E3
pi_e 22 4 1 1E3
pi_e 22 4 2 1E3
pi_e 22 4 3 1E3
pi_e 22 4 4 1E3
succ_e 22 1 1 3.125096053E-4
succ_e 22 1 2 3.1248046861E-4
succ_e 22 1 3 3.1243926311E-4
succ_e 22 1 4 3.1241012641E-4
succ_e 22 2 1 3.1252167683E-4
succ_e 22 2 2 3.1249253902E-4
succ_e 22 2 3 3.1245133192E-4
succ_e 22 2 4 3.124221941E-4
succ_e 22 3 1 3.1253874856E-4
succ_e 22 3 2 3.1250960915E-4
succ_e 22 3 3 3.124683998E-4
succ_e 22 3 4 3.1243926039E-4
succ_e 22 4 1 3.1255082009E-4
succ_e 22 4 2 3.1252167955E-4
succ_e 22 4 3 3.1248046861E-4
succ_e 22 4 4 3.1245132808E-4
ac_e 23 1 1 7.8281140359E-3
ac_e 23 1 2 7.2865831362E-3
ac_e 23 1 3 6.6910825124E-3
ac_e 23 1 4 6.3406241644E-3
ac_e 23 2 1 8.6246565072E-3
ac_e 23 2 2 7.7762726053E-3
ac_e 23 2 3 6.9361247871E-3
ac_e 23 2 4 6.4809293948E-3
ac_e 23 3 1 9.5779920067E-3
ac_e 23 3 2 8.3623825226E-3
ac_e 23 3 3 7.2326134115E-3
ac_e 23 3 4 6.6547395771E-3
ac_e 23 4 1 9.414013984E-3
ac_e 23 4 2 8.3382145977E-3
ac_e 23 4 3 7.286583135E-3
ac_e 23 4 4 6.7246411405E-3
co2_e 23 1 1 1E3
co2_e 23 1 2 1E3
co2_e 23 1 3 1E3
co2_e 23 1 4 1E3
co2_e 23 2 1 1E3
co2_e 23 2 2 1E3
co2_e 23 2 3 1E3
co2_e 23 2 4 1E3
co2_e 23 3 1 1E3
co2_e 23 3 2 1E3
co2_e 23 3 3 1E3
co2_e 23 3 4 1E3
co2_e 23 4 1 1E3
co2_e 23 4 2 1E3
co2_e 23 4 3 1E3
co2_e 23 4 4 1E3
etoh_e 23 1 1 1.5624978951E-4
etoh_e 23 1 2 1.5624023469E-4
etoh_e 23 1 3 1.5622672215E-4
etoh_e 23 1 4 1.5621716733E-4
etoh_e 23 2 1 1.5625374782E-4
etoh_e 23 2 2 1.5624419277E-4
etoh_e 23 2 3 1.5623067988E-4
etoh_e 23 2 4 1.5622112482E-4
etoh_e 23 3 1 1.5625934573E-4
etoh_e 23 3 2 1.5624979033E-4
etoh_e 23 3 3 1.5623627696E-4
etoh_e 23 3 4 1.5622672156E-4
etoh_e 23 4 1 1.5626330405E-4
etoh_e 23 4 2 1.5625374841E-4
etoh_e 23 4 3 1.5624023469E-4
etoh_e 23 4 4 1.5623067905E-4
for_e 23 1 1 8.8335725659E-3
for_e 23 1 2 8.2100509155E-3
for_e 23 1 3 7.5243916902E-3
for_e 23 1 4 7.1208759078E-3
for_e 23 2 1 9.7507275683E-3
for_e 23 2 2 8.773887451E-3
for_e 23 2 3 7.8065351317E-3
for_e 23 2 4 7.2824224133E-3
for_e 23 3 1 1.0848416222E-2
for_e 23 3 2 9.4487430909E-3
for_e 23 3 3 8.14791334E-3
for_e 23 3 4 7.4825454972E-3
for_e 23 4 1 1.0659603135E-2
for_e 23 4 2 9.4209109593E-3
for_e 23 4 3 8.2100509141E-3
for_e 23 4 4 7.5630274033E-3
glc__D_e 23 1 1 1.0491616809E1
glc__D_e 23 1 2 1.049247727E1
glc__D_e 23 1 3 1.0493527482E1
glc__D_e 23 1 4 1.0494200993E1
glc__D_e 23 2 1 1.0490837451E1
glc__D_e 23 2 2 1.0491998144E1
glc__D_e 23 2 3 1.0493287723E1
glc__D_e 23 2 4 1.0494063712E1
glc__D_e 23 3 1 1.0489904683E1
glc__D_e 23 3 2 1.0491424676E1
glc__D_e 23 3 3 1.0492997627E1
glc__D_e 23 3 4 1.0493893647E1
glc__D_e 23 4 1 1.0490065118E1
glc__D_e 23 4 2 1.0491448318E1
glc__D_e 23 4 3 1.0492944818E1
glc__D_e 23 4 4 1.0493825249E1
h2o_e 23 1 1 1E3
h2o_e 23 1 2 1E3
h2o_e 23 1 3 1E3
h2o_e 23 1 4 1E3
h2o_e 23 2 1 1E3
h2o_e 23 2 2 1E3
h2o_e 23 2 3 1E3
h2o_e 23 2 4 1E3
h2o_e 23 3 1 1E3
h2o_e 23 3 2 1E3
h2o_e 23 3 3 1E3
h2o_e 23 3 4 1E3
h2o_e 23 4 1 1E3
h2o_e 23 4 2 1E3
h2o_e 23 4 3 1E3
h2o_e 23 4 4 1E3
h_e 23 1 1 1E3
h_e 23 1 2 1E3
h_e 23 1 3 1E3
h_e 23 1 4 1E3
h_e 23 2 1 1E3
h_e 23 2 2 1E3
h_e 23 2 3 1E3
h_e 23 2 4 1E3
h_e 23 3 1 1E3
h_e 23 3 2 1E3
h_e 23 3 3 1E3
h_e 23 3 4 1E3
h_e 23 4 1 1E3
h_e 23 4 2 1E3
h_e 23 4 3 1E3
h_e 23 4 4 1E3
nh4_e 23 1 1 1E3
nh4_e 23 1 2 1E3
nh4_e 23 1 3 1E3
nh4_e 23 1 4 1E3
nh4_e 23 2 1 1E3
nh4_e 23 2 2 1E3
nh4_e 23 2 3 1E3
nh4_e 23 2 4 1E3
nh4_e 23 3 1 1E3
nh4_e 23 3 2 1E3
nh4_e 23 3 3 1E3
nh4_e 23 3 4 1E3
nh4_e 23 4 1 1E3
nh4_e 23 4 2 1E3
nh4_e 23 4 3 1E3
nh4_e 23 4 4 1E3
o2_e 23 1 1 1E3
o2_e 23 1 2 1E3
o2_e 23 1 3 1E3
o2_e 23 1 4 1E3
o2_e 23 2 1 1E3
o2_e 23 2 2 1E3
o2_e 23 2 3 1E3
o2_e 23 2 4 1E3
o2_e 23 3 1 1E3
o2_e 23 3 2 1E3
o2_e 23 3 3 1E3
o2_e 23 3 4 1E3
o2_e 23 4 1 1E3
o2_e 23 4 2 1E3
o2_e 23 4 3 1E3
o2_e 23 4 4 1E3
pi_e 23 1 1 1E3
pi_e 23 1 2 1E3
pi_e 23 1 3 1E3
pi_e 23 1 4 1E3
pi_e 23 2 1 1E3
pi_e 23 2 2 1E3
pi_e 23 2 3 1E3
pi_e 23 2 4 1E3
pi_e 23 3 1 1E3
pi_e 23 3 2 1E3
pi_e 23 3 3 1E3
pi_e 23 3 4 1E3
pi_e 23 4 1 1E3
pi_e 23 4 2 1E3
pi_e 23 4 3 1E3
pi_e 23 4 4 1E3
succ_e 23 1 1 3.1249957901E-4
succ_e 23 1 2 3.1248046939E-4
succ_e 23 1 3 3.1245344429E-4
succ_e 23 1 4 3.1243433467E-4
succ_e 23 2 1 3.1250749565E-4
succ_e 23 2 2 3.1248838554E-4
succ_e 23 2 3 3.1246135976E-4
succ_e 23 2 4 3.1244224965E-4
succ_e 23 3 1 3.1251869146E-4
succ_e 23 3 2 3.1249958067E-4
succ_e 23 3 3 3.1247255392E-4
succ_e 23 3 4 3.1245344312E-4
succ_e 23 4 1 3.125266081E-4
succ_e 23 4 2 3.1250749682E-4
succ_e 23 4 3 3.1248046939E-4
succ_e 23 4 4 3.1246135811E-4
ac_e 24 1 1 8.189182303E-3
ac_e 24 1 2 7.644780328E-3
ac_e 24 1 3 7.0460550411E-3
ac_e 24 1 4 6.6936826922E-3
ac_e 24 2 1 8.9896367743E-3
ac_e 24 2 2 8.1369856576E-3
ac_e 24 2 3 7.2924079778E-3
ac_e 24 2 4 6.8347536371E-3
ac_e 24 3 1 9.9474364975E-3
ac_e 24 3 2 8.7260078066E-3
ac_e 24 3 3 7.5904570157E-3
ac_e 24 3 4 7.0095083027E-3
ac_e 24 4 1 9.7831904814E-3
ac_e 24 4 2 8.7019630031E-3
ac_e 24 4 3 7.6447803267E-3
ac_e 24 4 4 7.079802979E-3
co2_e 24 1 1 1E3
co2_e 24 1 2 1E3
co2_e 24 1 3 1E3
co2_e 24 1 4 1E3
co2_e 24 2 1 1E3
co2_e 24 2 2 1E3
co2_e 24 2 3 1E3
co2_e 24 2 4 1E3
co2_e 24 3 1 1E3
co2_e 24 3 2 1E3
co2_e 24 3 3 1E3
co2_e 24 3 4 1E3
co2_e 24 4 1 1E3
co2_e 24 4 2 1E3
co2_e 24 4 3 1E3
co2_e 24 4 4 1E3
etoh_e 24 1 1 1.5624650144E-4
etoh_e 24 1 2 1.5624023486E-4
etoh_e 24 1 3 1.5623137257E-4
etoh_e 24 1 4 1.5622510599E-4
etoh_e 24 2 1 1.562490974E-4
etoh_e 24 2 2 1.5624283071E-4
etoh_e 24 2 3 1.5623396828E-4
etoh_e 24 2 4 1.5622770159E-4
etoh_e 24 3 1 1.5625276863E-4
etoh_e 24 3 2 1.562465018E-4
etoh_e 24 3 3 1.5623763916E-4
etoh_e 24 3 4 1.5623137232E-4
etoh_e 24 4 1 1.5625536459E-4
etoh_e 24 4 2 1.5624909765E-4
etoh_e 24 4 3 1.5624023486E-4
etoh_e 24 4 4 1.5623396792E-4
for_e 24 1 1 9.2493196757E-3
for_e 24 1 2 8.6224884076E-3
for_e 24 1 3 7.9331108658E-3
for_e 24 1 4 7.5273874659E-3
for_e 24 2 1 1.0170980625E-2
for_e 24 2 2 9.189223339E-3
for_e 24 2 3 8.2167650062E-3
for_e 24 2 4 7.6898172034E-3
for_e 24 3 1 1.127381172E-2
for_e 24 3 2 9.8674344166E-3
for_e 24 3 3 8.5599421334E-3
for_e 24 3 4 7.8910300082E-3
for_e 24 4 1 1.1084691628E-2
for_e 24 4 2 9.8397456192E-3
for_e 24 4 3 8.6224884062E-3
for_e 24 4 4 7.9719661232E-3
glc__D_e 24 1 1 1.0491457769E1
glc__D_e 24 1 2 1.0492207256E1
glc__D_e 24 1 3 1.049309971E1
glc__D_e 24 1 4 1.0493661312E1
glc__D_e 24 2 1 1.0490674585E1
glc__D_e 24 2 2 1.049172567E1
glc__D_e 24 2 3 1.0492858671E1
glc__D_e 24 2 4 1.0493523283E1
glc__D_e 24 3 1 1.0489737451E1
glc__D_e 24 3 2 1.0491149355E1
glc__D_e 24 3 3 1.049256705E1
glc__D_e 24 3 4 1.0493352295E1
glc__D_e 24 4 1 1.048989815E1
glc__D_e 24 4 2 1.0491172878E1
glc__D_e 24 4 3 1.0492513896E1
glc__D_e 24 4 4 1.0493283515E1
h2o_e 24 1 1 1E3
h2o_e 24 1 2 1E3
h2o_e 24 1 3 1E3
h2o_e 24 1 4 1E3
h2o_e 24 2 1 1E3
h2o_e 24 2 2 1E3
h2o_e 24 2 3 1E3
h2o_e 24 2 4 1E3
h2o_e 24 3 1 1E3
h2o_e 24 3 2 1E3
h2o_e 24 3 3 1E3
h2o_e 24 3 4 1E3
h2o_e 24 4 1 1E3
h2o_e 24 4 2 1E3
h2o_e 24 4 3 1E3
h2o_e 24 4 4 1E3
h_e 24 1 1 1E3
h_e 24 1 2 1E3
h_e 24 1 3 1E3
h_e 24 1 4 1E3
h_e 24 2 1 1E3
h_e 24 2 2 1E3
h_e 24 2 3 1E3
h_e 24 2 4 1E3
h_e 24 3 1 1E3
h_e 24 3 2 1E3
h_e 24 3 3 1E3
h_e 24 3 4 1E3
h_e 24 4 1 1E3
h_e 24 4 2 1E3
h_e 24 4 3 1E3
h_e 24 4 4 1E3
nh4_e 24 1 1 1E3
nh4_e 24 1 2 1E3
nh4_e 24 1 3 1E3
nh4_e 24 1 4 1E3
nh4_e 24 2 1 1E3
nh4_e 24 2 2 1E3
nh4_e 24 2 3 1E3
nh4_e 24 2 4 1E3
nh4_e 24 3 1 1E3
nh4_e 24 3 2 1E3
nh4_e 24 3 3 1E3
nh4_e 24 3 4 1E3
nh4_e 24 4 1 1E3
nh4_e 24 4 2 1E3
nh4_e 24 4 3 1E3
nh4_e 24 4 4 1E3
o2_e 24 1 1 1E3
o2_e 24 1 2 1E3
o2_e 24 1 3 1E3
o2_e 24 1 4 1E3
o2_e 24 2 1 1E3
o2_e 24 2 2 1E3
o2_e 24 2 3 1E3
o2_e 24 2 4 1E3
o2_e 24 3 1 1E3
o2_e 24 3 2 1E3
o2_e 24 3 3 1E3
o2_e 24 3 4 1E3
o2_e 24 4 1 1E3
o2_e 24 4 2 1E3
o2_e 24 4 3 1E3
o2_e 24 4 4 1E3
pi_e 24 1 1 1E3
pi_e 24 1 2 1E3
pi_e 24 1 3 1E3
pi_e 24 1 4 1E3
pi_e 24 2 1 1E3
pi_e 24 2 2 1E3
pi_e 24 2 3 1E3
pi_e 24 2 4 1E3
pi_e 24 3 1 1E3
pi_e 24 3 2 1E3
pi_e 24 3 3 1E3
pi_e 24 3 4 1E3
pi_e 24 4 1 1E3
pi_e 24 4 2 1E3
pi_e 24 4 3 1E3
pi_e 24 4 4 1E3
succ_e 24 1 1 3.1249300288E-4
succ_e 24 1 2 3.1248046972E-4
succ_e 24 1 3 3.1246274515E-4
succ_e 24 1 4 3.1245021198E-4
succ_e 24 2 1 3.1249819479E-4
succ_e 24 2 2 3.1248566142E-4
succ_e 24 2 3 3.1246793655E-4
succ_e 24 2 4 3.1245540318E-4
succ_e 24 3 1 3.1250553726E-4
succ_e 24 3 2 3.1249300359E-4
succ_e 24 3 3 3.1247527831E-4
succ_e 24 3 4 3.1246274464E-4
succ_e 24 4 1 3.1251072917E-4
succ_e 24 4 2 3.124981953E-4
succ_e 24 4 3 3.1248046972E-4
succ_e 24 4 4 3.1246793584E-4
ac_e 25 1 1 8.5522010248E-3
ac_e 25 1 2 8.0049184809E-3
ac_e 25 1 3 7.4029591442E-3
ac_e 25 1 4 7.0486680252E-3
ac_e 25 2 1 9.3565843214E-3
ac_e 25 2 2 8.4996501558E-3
ac_e 25 2 3 7.6506273605E-3
ac_e 25 2 4 7.1905065058E-3
ac_e 25 3 1 1.031886623E-2
ac_e 25 3 2 9.0915957558E-3
ac_e 25 3 3 7.9502416878E-3
ac_e 25 3 4 7.3662074572E-3
ac_e 25 4 1 1.0154350788E-2
ac_e 25 4 2 9.0676735139E-3
ac_e 25 4 3 8.0049184797E-3
ac_e 25 4 4 7.4368951189E-3
co2_e 25 1 1 1E3
co2_e 25 1 2 1E3
co2_e 25 1 3 1E3
co2_e 25 1 4 1E3
co2_e 25 2 1 1E3
co2_e 25 2 2 1E3
co2_e 25 2 3 1E3
co2_e 25 2 4 1E3
co2_e 25 3 1 1E3
co2_e 25 3 2 1E3
co2_e 25 3 3 1E3
co2_e 25 3 4 1E3
co2_e 25 4 1 1E3
co2_e 25 4 2 1E3
co2_e 25 4 3 1E3
co2_e 25 4 4 1E3
etoh_e 25 1 1 1.5624434489E-4
etoh_e 25 1 2 1.5624023493E-4
etoh_e 25 1 3 1.5623442258E-4
etoh_e 25 1 4 1.5623031262E-4
etoh_e 25 2 1 1.5624604739E-4
etoh_e 25 2 2 1.5624193739E-4
etoh_e 25 2 3 1.5623612498E-4
etoh_e 25 2 4 1.5623201498E-4
etoh_e 25 3 1 1.562484551E-4
etoh_e 25 3 2 1.5624434504E-4
etoh_e 25 3 3 1.5623853253E-4
etoh_e 25 3 4 1.5623442247E-4
etoh_e 25 4 1 1.5625015761E-4
etoh_e 25 4 2 1.562460475E-4
etoh_e 25 4 3 1.5624023493E-4
etoh_e 25 4 4 1.5623612482E-4
for_e 25 1 1 9.6673112861E-3
for_e 25 1 2 9.0371607726E-3
for_e 25 1 3 8.3440559495E-3
for_e 25 1 4 7.9361207441E-3
for_e 25 2 1 1.0593497015E-2
for_e 25 2 2 9.6068056321E-3
for_e 25 2 3 8.6292255656E-3
for_e 25 2 4 8.0994352709E-3
for_e 25 3 1 1.170149047E-2
for_e 25 3 2 1.0288384302E-2
for_e 25 3 3 8.9742064626E-3
for_e 25 3 4 8.3017391085E-3
for_e 25 4 1 1.1512061183E-2
for_e 25 4 2 1.0260837654E-2
for_e 25 4 3 9.0371607712E-3
for_e 25 4 4 8.383128746E-3
glc__D_e 25 1 1 1.0491229974E1
glc__D_e 25 1 2 1.0491907656E1
glc__D_e 25 1 3 1.0492697739E1
glc__D_e 25 1 4 1.0493186594E1
glc__D_e 25 2 1 1.0490442947E1
glc__D_e 25 2 2 1.0491423598E1
glc__D_e 25 2 3 1.0492455414E1
glc__D_e 25 2 4 1.0493047815E1
glc__D_e 25 3 1 1.0489501428E1
glc__D_e 25 3 2 1.0490844424E1
glc__D_e 25 3 3 1.0492162263E1
glc__D_e 25 3 4 1.0492875903E1
glc__D_e 25 4 1 1.0489662392E1
glc__D_e 25 4 2 1.0490867828E1
glc__D_e 25 4 3 1.0492108764E1
glc__D_e 25 4 4 1.0492806739E1
h2o_e 25 1 1 1E3
h2o_e 25 1 2 1E3
h2o_e 25 1 3 1E3
h2o_e 25 1 4 1E3
h2o_e 25 2 1 1E3
h2o_e 25 2 2 1E3
h2o_e 25 2 3 1E3
h2o_e 25 2 4 1E3
h2o_e 25 3 1 1E3
h2o_e 25 3 2 1E3
h2o_e 25 3 3 1E3
h2o_e 25 3 4 1E3
h2o_e 25 4 1 1E3
h2o_e 25 4 2 1E3
h2o_e 25 4 3 1E3
h2o_e 25 4 4 1E3
h_e 25 1 1 1E3
h_e 25 1 2 1E3
h_e 25 1 3 1E3
h_e 25 1 4 1E3
h_e 25 2 1 1E3
h_e 25 2 2 1E3
h_e 25 2 3 1E3
h_e 25 2 4 1E3
h_e 25 3 1 1E3
h_e 25 3 2 1E3
h_e 25 3 3 1E3
h_e 25 3 4 1E3
h_e 25 4 1 1E3
h_e 25 4 2 1E3
h_e 25 4 3 1E3
h_e 25 4 4 1E3
nh4_e 25 1 1 1E3
nh4_e 25 1 2 1E3
nh4_e 25 1 3 1E3
nh4_e 25 1 4 1E3
nh4_e 25 2 1 1E3
nh4_e 25 2 2 1E3
nh4_e 25 2 3 1E3
nh4_e 25 2 4 1E3
nh4_e 25 3 1 1E3
nh4_e 25 3 2 1E3
nh4_e 25 3 3 1E3
nh4_e 25 3 4 1E3
nh4_e 25 4 1 1E3
nh4_e 25 4 2 1E3
nh4_e 25 4 3 1E3
nh4_e 25 4 4 1E3
o2_e 25 1 1 1E3
o2_e 25 1 2 1E3
o2_e 25 1 3 1E3
o2_e 25 1 4 1E3
o2_e 25 2 1 1E3
o2_e 25 2 2 1E3
o2_e 25 2 3 1E3
o2_e 25 2 4 1E3
o2_e 25 3 1 1E3
o2_e 25 3 2 1E3
o2_e 25 3 3 1E3
o2_e 25 3 4 1E3
o2_e 25 4 1 1E3
o2_e 25 4 2 1E3
o2_e 25 4 3 1E3
o2_e 25 4 4 1E3
pi_e 25 1 1 1E3
pi_e 25 1 2 1E3
pi_e 25 1 3 1E3
pi_e 25 1 4 1E3
pi_e 25 2 1 1E3
pi_e 25 2 2 1E3
pi_e 25 2 3 1E3
pi_e 25 2 4 1E3
pi_e 25 3 1 1E3
pi_e 25 3 2 1E3
pi_e 25 3 3 1E3
pi_e 25 3 4 1E3
pi_e 25 4 1 1E3
pi_e 25 4 2 1E3
pi_e 25 4 3 1E3
pi_e 25 4 4 1E3
succ_e 25 1 1 3.1248868977E-4
succ_e 25 1 2 3.1248046986E-4
succ_e 25 1 3 3.1246884515E-4
succ_e 25 1 4 3.1246062524E-4
succ_e 25 2 1 3.1249209479E-4
succ_e 25 2 2 3.1248387479E-4
succ_e 25 2 3 3.1247224995E-4
succ_e 25 2 4 3.1246402995E-4
succ_e 25 3 1 3.1249691021E-4
succ_e 25 3 2 3.1248869008E-4
succ_e 25 3 3 3.1247706506E-4
succ_e 25 3 4 3.1246884494E-4
succ_e 25 4 1 3.1250031522E-4
succ_e 25 4 2 3.12492095E-4
succ_e 25 4 3 3.1248046986E-4
succ_e 25 4 4 3.1247224965E-4
ac_e 26 1 1 8.9171826858E-3
ac_e 26 1 2 8.3670081122E-3
ac_e 26 1 3 7.761802576E-3
ac_e 26 1 4 7.405585973E-3
ac_e 26 2 1 9.7255125089E-3
ac_e 26 2 2 8.864277464E-3
ac_e 26 2 3 8.0107915077E-3
ac_e 26 2 4 7.5481946147E-3
ac_e 26 3 1 1.0692295775E-2
ac_e 26 3 2 9.4591589132E-3
ac_e 26 3 3 8.3119771491E-3
ac_e 26 3 4 7.7248447875E-3
ac_e 26 4 1 1.052751027E-2
ac_e 26 4 2 9.4353594697E-3
ac_e 26 4 3 8.3670081105E-3
ac_e 26 4 4 7.7959261016E-3
co2_e 26 1 1 1E3
co2_e 26 1 2 1E3
co2_e 26 1 3 1E3
co2_e 26 1 4 1E3
co2_e 26 2 1 1E3
co2_e 26 2 2 1E3
co2_e 26 2 3 1E3
co2_e 26 2 4 1E3
co2_e 26 3 1 1E3
co2_e 26 3 2 1E3
co2_e 26 3 3 1E3
co2_e 26 3 4 1E3
co2_e 26 4 1 1E3
co2_e 26 4 2 1E3
co2_e 26 4 3 1E3
co2_e 26 4 4 1E3
etoh_e 26 1 1 1.5624293048E-4
etoh_e 26 1 2 1.5624023496E-4
etoh_e 26 1 3 1.5623642293E-4
etoh_e 26 1 4 1.5623372741E-4
etoh_e 26 2 1 1.5624404704E-4
etoh_e 26 2 2 1.5624135151E-4
etoh_e 26 2 3 1.5623753945E-4
etoh_e 26 2 4 1.5623484391E-4
etoh_e 26 3 1 1.5624562611E-4
etoh_e 26 3 2 1.5624293054E-4
etoh_e 26 3 3 1.5623911844E-4
etoh_e 26 3 4 1.5623642288E-4
etoh_e 26 4 1 1.5624674267E-4
etoh_e 26 4 2 1.5624404709E-4
etoh_e 26 4 3 1.5624023496E-4
etoh_e 26 4 4 1.5623753938E-4
for_e 26 1 1 1.008756222E-2
for_e 26 1 2 9.4540801202E-3
for_e 26 1 3 8.7572352351E-3
for_e 26 1 4 8.3470813486E-3
for_e 26 2 1 1.1018292757E-2
for_e 26 2 2 1.0026647601E-2
for_e 26 2 3 9.0439262319E-3
for_e 26 2 4 8.5112833337E-3
for_e 26 3 1 1.2131470145E-2
for_e 26 3 2 1.0711607638E-2
for_e 26 3 3 9.3907173349E-3
for_e 26 3 4 8.7146810835E-3
for_e 26 4 1 1.1941730575E-2
for_e 26 4 2 1.0684203058E-2
for_e 26 4 3 9.4540801183E-3
for_e 26 4 4 8.7965246574E-3
glc__D_e 26 1 1 1.0490956416E1
glc__D_e 26 1 2 1.0491587986E1
glc__D_e 26 1 3 1.0492312031E1
glc__D_e 26 1 4 1.0492753828E1
glc__D_e 26 2 1 1.0490165529E1
glc__D_e 26 2 2 1.0491101446E1
glc__D_e 26 2 3 1.0492068414E1
glc__D_e 26 2 4 1.0492614296E1
glc__D_e 26 3 1 1.0489219606E1
glc__D_e 26 3 2 1.04905194E1
glc__D_e 26 3 3 1.0491773726E1
glc__D_e 26 3 4 1.0492441456E1
glc__D_e 26 4 1 1.0489380835E1
glc__D_e 26 4 2 1.0490542685E1
glc__D_e 26 4 3 1.0491719882E1
glc__D_e 26 4 4 1.0492371908E1
h2o_e 26 1 1 1E3
h2o_e 26 1 2 1E3
h2o_e 26 1 3 1E3
h2o_e 26 1 4 1E3
h2o_e 26 2 1 1E3
h2o_e 26 2 2 1E3
h2o_e 26 2 3 1E3
h2o_e 26 2 4 1E3
h2o_e 26 3 1 1E3
h2o_e 26 3 2 1E3
h2o_e 26 3 3 1E3
h2o_e 26 3 4 1E3
h2o_e 26 4 1 1E3
h2o_e 26 4 2 1E3
h2o_e 26 4 3 1E3
h2o_e 26 4 4 1E3
h_e 26 1 1 1E3
h_e 26 1 2 1E3
h_e 26 1 3 1E3
h_e 26 1 4 1E3
h_e 26 2 1 1E3
h_e 26 2 2 1E3
h_e 26 2 3 1E3
h_e 26 2 4 1E3
h_e 26 3 1 1E3
h_e 26 3 2 1E3
h_e 26 3 3 1E3
h_e 26 3 4 1E3
h_e 26 4 1 1E3
h_e 26 4 2 1E3
h_e 26 4 3 1E3
h_e 26 4 4 1E3
nh4_e 26 1 1 1E3
nh4_e 26 1 2 1E3
nh4_e 26 1 3 1E3
nh4_e 26 1 4 1E3
nh4_e 26 2 1 1E3
nh4_e 26 2 2 1E3
nh4_e 26 2 3 1E3
nh4_e 26 2 4 1E3
nh4_e 26 3 1 1E3
nh4_e 26 3 2 1E3
nh4_e 26 3 3 1E3
nh4_e 26 3 4 1E3
nh4_e 26 4 1 1E3
nh4_e 26 4 2 1E3
nh4_e 26 4 3 1E3
nh4_e 26 4 4 1E3
o2_e 26 1 1 1E3
o2_e 26 1 2 1E3
o2_e 26 1 3 1E3
o2_e 26 1 4 1E3
o2_e 26 2 1 1E3
o2_e 26 2 2 1E3
o2_e 26 2 3 1E3
o2_e 26 2 4 1E3
o2_e 26 3 1 1E3
o2_e 26 3 2 1E3
o2_e 26 3 3 1E3
o2_e 26 3 4 1E3
o2_e 26 4 1 1E3
o2_e 26 4 2 1E3
o2_e 26 4 3 1E3
o2_e 26 4 4 1E3
pi_e 26 1 1 1E3
pi_e 26 1 2 1E3
pi_e 26 1 3 1E3
pi_e 26 1 4 1E3
pi_e 26 2 1 1E3
pi_e 26 2 2 1E3
pi_e 26 2 3 1E3
pi_e 26 2 4 1E3
pi_e 26 3 1 1E3
pi_e 26 3 2 1E3
pi_e 26 3 3 1E3
pi_e 26 3 4 1E3
pi_e 26 4 1 1E3
pi_e 26 4 2 1E3
pi_e 26 4 3 1E3
pi_e 26 4 4 1E3
succ_e 26 1 1 3.1248586096E-4
succ_e 26 1 2 3.1248046992E-4
succ_e 26 1 3 3.1247284585E-4
succ_e 26 1 4 3.1246745482E-4
succ_e 26 2 1 3.1248809409E-4
succ_e 26 2 2 3.1248270302E-4
succ_e 26 2 3 3.1247507889E-4
succ_e 26 2 4 3.1246968782E-4
succ_e 26 3 1 3.1249125221E-4
succ_e 26 3 2 3.1248586109E-4
succ_e 26 3 3 3.1247823689E-4
succ_e 26 3 4 3.1247284576E-4
succ_e 26 4 1 3.1249348535E-4
succ_e 26 4 2 3.1248809418E-4
succ_e 26 4 3 3.1248046992E-4
succ_e 26 4 4 3.1247507876E-4
ac_e 27 1 1 9.2841391777E-3
ac_e 27 1 2 8.7310597955E-3
ac_e 27 1 3 8.1225940657E-3
ac_e 27 1 4 7.7644439704E-3
ac_e 27 2 1 1.0096433836E-2
ac_e 27 2 2 9.2308787342E-3
ac_e 27 2 3 8.3729096986E-3
ac_e 27 2 4 7.9078259341E-3
ac_e 27 3 1 1.106773846E-2
ac_e 27 3 2 9.8287092294E-3
ac_e 27 3 3 8.6756734471E-3
ac_e 27 3 4 8.0854290165E-3
ac_e 27 4 1 1.0902682782E-2
ac_e 27 4 2 9.8050333482E-3
ac_e 27 4 3 8.7310597932E-3
ac_e 27 4 4 8.1569051753E-3
co2_e 27 1 1 1E3
co2_e 27 1 2 1E3
co2_e 27 1 3 1E3
co2_e 27 1 4 1E3
co2_e 27 2 1 1E3
co2_e 27 2 2 1E3
co2_e 27 2 3 1E3
co2_e 27 2 4 1E3
co2_e 27 3 1 1E3
co2_e 27 3 2 1E3
co2_e 27 3 3 1E3
co2_e 27 3 4 1E3
co2_e 27 4 1 1E3
co2_e 27 4 2 1E3
co2_e 27 4 3 1E3
co2_e 27 4 4 1E3
etoh_e 27 1 1 1.5624200283E-4
etoh_e 27 1 2 1.5624023498E-4
etoh_e 27 1 3 1.5623773486E-4
etoh_e 27 1 4 1.56235967E-4
etoh_e 27 2 1 1.5624273512E-4
etoh_e 27 2 2 1.5624096726E-4
etoh_e 27 2 3 1.5623846712E-4
etoh_e 27 2 4 1.5623669926E-4
etoh_e 27 3 1 1.5624377073E-4
etoh_e 27 3 2 1.5624200286E-4
etoh_e 27 3 3 1.5623950271E-4
etoh_e 27 3 4 1.5623773484E-4
etoh_e 27 4 1 1.5624450302E-4
etoh_e 27 4 2 1.5624273514E-4
etoh_e 27 4 3 1.5624023498E-4
etoh_e 27 4 4 1.562384671E-4
for_e 27 1 1 1.0510086465E-2
for_e 27 1 2 9.873258625E-3
for_e 27 1 3 9.172658358E-3
for_e 27 1 4 8.76027713E-3
for_e 27 2 1 1.1445382658E-2
for_e 27 2 2 1.0448762209E-2
for_e 27 2 3 9.4608773952E-3
for_e 27 2 4 8.9253699805E-3
for_e 27 3 1 1.2563766679E-2
for_e 27 3 2 1.1137118479E-2
for_e 27 3 3 9.8094861973E-3
for_e 27 3 4 9.129865561E-3
for_e 27 4 1 1.2373716468E-2
for_e 27 4 2 1.1109856615E-2
for_e 27 4 3 9.8732586224E-3
for_e 27 4 4 9.2121642118E-3
glc__D_e 27 1 1 1.0490652173E1
glc__D_e 27 1 2 1.0491254486E1
glc__D_e 27 1 3 1.0491936328E1
glc__D_e 27 1 4 1.0492347918E1
glc__D_e 27 2 1 1.0489857406E1
glc__D_e 27 2 2 1.0490765452E1
glc__D_e 27 2 3 1.0491691413E1
glc__D_e 27 2 4 1.049220763E1
glc__D_e 27 3 1 1.0488907061E1
glc__D_e 27 3 2 1.0490180522E1
glc__D_e 27 3 3 1.0491395182E1
glc__D_e 27 3 4 1.0492033858E1
glc__D_e 27 4 1 1.0489068554E1
glc__D_e 27 4 2 1.0490203686E1
glc__D_e 27 4 3 1.049134099E1
glc__D_e 27 4 4 1.0491963924E1
h2o_e 27 1 1 1E3
h2o_e 27 1 2 1E3
h2o_e 27 1 3 1E3
h2o_e 27 1 4 1E3
h2o_e 27 2 1 1E3
h2o_e 27 2 2 1E3
h2o_e 27 2 3 1E3
h2o_e 27 2 4 1E3
h2o_e 27 3 1 1E3
h2o_e 27 3 2 1E3
h2o_e 27 3 3 1E3
h2o_e 27 3 4 1E3
h2o_e 27 4 1 1E3
h2o_e 27 4 2 1E3
h2o_e 27 4 3 1E3
h2o_e 27 4 4 1E3
h_e 27 1 1 1E3
h_e 27 1 2 1E3
h_e 27 1 3 1E3
h_e 27 1 4 1E3
h_e 27 2 1 1E3
h_e 27 2 2 1E3
h_e 27 2 3 1E3
h_e 27 2 4 1E3
h_e 27 3 1 1E3
h_e 27 3 2 1E3
h_e 27 3 3 1E3
h_e 27 3 4 1E3
h_e 27 4 1 1E3
h_e 27 4 2 1E3
h_e 27 4 3 1E3
h_e 27 4 4 1E3
nh4_e 27 1 1 1E3
nh4_e 27 1 2 1E3
nh4_e 27 1 3 1E3
nh4_e 27 1 4 1E3
nh4_e 27 2 1 1E3
nh4_e 27 2 2 1E3
nh4_e 27 2 3 1E3
nh4_e 27 2 4 1E3
nh4_e 27 3 1 1E3
nh4_e 27 3 2 1E3
nh4_e 27 3 3 1E3
nh4_e 27 3 4 1E3
nh4_e 27 4 1 1E3
nh4_e 27 4 2 1E3
nh4_e 27 4 3 1E3
nh4_e 27 4 4 1E3
o2_e 27 1 1 1E3
o2_e 27 1 2 1E3
o2_e 27 1 3 1E3
o2_e 27 1 4 1E3
o2_e 27 2 1 1E3
o2_e 27 2 2 1E3
o2_e 27 2 3 1E3
o2_e 27 2 4 1E3
o2_e 27 3 1 1E3
o2_e 27 3 2 1E3
o2_e 27 3 3 1E3
o2_e 27 3 4 1E3
o2_e 27 4 1 1E3
o2_e 27 4 2 1E3
o2_e 27 4 3 1E3
o2_e 27 4 4 1E3
pi_e 27 1 1 1E3
pi_e 27 1 2 1E3
pi_e 27 1 3 1E3
pi_e 27 1 4 1E3
pi_e 27 2 1 1E3
pi_e 27 2 2 1E3
pi_e 27 2 3 1E3
pi_e 27 2 4 1E3
pi_e 27 3 1 1E3
pi_e 27 3 2 1E3
pi_e 27 3 3 1E3
pi_e 27 3 4 1E3
pi_e 27 4 1 1E3
pi_e 27 4 2 1E3
pi_e 27 4 3 1E3
pi_e 27 4 4 1E3
succ_e 27 1 1 3.1248400565E-4
succ_e 27 1 2 3.1248046995E-4
succ_e 27 1 3 3.1247546971E-4
succ_e 27 1 4 3.1247193401E-4
succ_e 27 2 1 3.1248547023E-4
succ_e 27 2 2 3.1248193451E-4
succ_e 27 2 3 3.1247693425E-4
succ_e 27 2 4 3.1247339853E-4
succ_e 27 3 1 3.1248754145E-4
succ_e 27 3 2 3.1248400571E-4
succ_e 27 3 3 3.1247900541E-4
succ_e 27 3 4 3.1247546967E-4
succ_e 27 4 1 3.1248900603E-4
succ_e 27 4 2 3.1248547027E-4
succ_e 27 4 3 3.1248046995E-4
succ_e 27 4 4 3.1247693419E-4
ac_e 28 1 1 9.6530820236E-3
ac_e 28 1 2 9.0970841622E-3
ac_e 28 1 3 8.4853430029E-3
ac_e 28 1 4 8.1252505382E-3
ac_e 28 2 1 1.0469360256E-2
ac_e 28 2 2 9.5994649995E-3
ac_e 28 2 3 8.7369916958E-3
ac_e 28 2 4 8.2694093437E-3
ac_e 28 3 1 1.1445206816E-2
ac_e 28 3 2 1.0200258286E-2
ac_e 28 3 3 9.041340863E-3
ac_e 28 3 4 8.4479695273E-3
ac_e 28 4 1 1.1279881207E-2
ac_e 28 4 2 1.0176707082E-2
ac_e 28 4 3 9.097084159E-3
ac_e 28 4 4 8.5198420715E-3
co2_e 28 1 1 1E3
co2_e 28 1 2 1E3
co2_e 28 1 3 1E3
co2_e 28 1 4 1E3
co2_e 28 2 1 1E3
co2_e 28 2 2 1E3
co2_e 28 2 3 1E3
co2_e 28 2 4 1E3
co2_e 28 3 1 1E3
co2_e 28 3 2 1E3
co2_e 28 3 3 1E3
co2_e 28 3 4 1E3
co2_e 28 4 1 1E3
co2_e 28 4 2 1E3
co2_e 28 4 3 1E3
co2_e 28 4 4 1E3
etoh_e 28 1 1 1.5624139442E-4
etoh_e 28 1 2 1.5624023498E-4
etoh_e 28 1 3 1.5623859528E-4
etoh_e 28 1 4 1.5623743584E-4
etoh_e 28 2 1 1.5624187469E-4
etoh_e 28 2 2 1.5624071524E-4
etoh_e 28 2 3 1.5623907554E-4
etoh_e 28 2 4 1.5623791609E-4
etoh_e 28 3 1 1.5624255389E-4
etoh_e 28 3 2 1.5624139444E-4
etoh_e 28 3 3 1.5623975472E-4
etoh_e 28 3 4 1.5623859527E-4
etoh_e 28 4 1 1.5624303415E-4
etoh_e 28 4 2 1.562418747E-4
etoh_e 28 4 3 1.5624023498E-4
etoh_e 28 4 4 1.5623907553E-4
for_e 28 1 1 1.0934897481E-2
for_e 28 1 2 1.0294708528E-2
for_e 28 1 3 9.5903358562E-3
for_e 28 1 4 9.1757174333E-3
for_e 28 2 1 1.1874780754E-2
for_e 28 2 2 1.0873162238E-2
for_e 28 2 3 9.8800901034E-3
for_e 28 2 4 9.3417050497E-3
for_e 28 3 1 1.2998394889E-2
for_e 28 3 2 1.1564930353E-2
for_e 28 3 3 1.0230524808E-2
for_e 28 3 4 9.5473030718E-3
for_e 28 4 1 1.2808034162E-2
for_e 28 4 2 1.1537812336E-2
for_e 28 4 3 1.0294708525E-2
for_e 28 4 4 9.6300584212E-3
glc__D_e 28 1 1 1.0490327129E1
glc__D_e 28 1 2 1.0490911246E1
glc__D_e 28 1 3 1.0491566521E1
glc__D_e 28 1 4 1.049195896E1
glc__D_e 28 2 1 1.0489528465E1
glc__D_e 28 2 2 1.0490419706E1
glc__D_e 28 2 3 1.0491320302E1
glc__D_e 28 2 4 1.0491817912E1
glc__D_e 28 3 1 1.0488573676E1
glc__D_e 28 3 2 1.0489831876E1
glc__D_e 28 3 3 1.049102252E1
glc__D_e 28 3 4 1.0491643204E1
glc__D_e 28 4 1 1.0488735433E1
glc__D_e 28 4 2 1.0489854919E1
glc__D_e 28 4 3 1.0490967979E1
glc__D_e 28 4 4 1.0491572882E1
h2o_e 28 1 1 1E3
h2o_e 28 1 2 1E3
h2o_e 28 1 3 1E3
h2o_e 28 1 4 1E3
h2o_e 28 2 1 1E3
h2o_e 28 2 2 1E3
h2o_e 28 2 3 1E3
h2o_e 28 2 4 1E3
h2o_e 28 3 1 1E3
h2o_e 28 3 2 1E3
h2o_e 28 3 3 1E3
h2o_e 28 3 4 1E3
h2o_e 28 4 1 1E3
h2o_e 28 4 2 1E3
h2o_e 28 4 3 1E3
h2o_e 28 4 4 1E3
h_e 28 1 1 1E3
h_e 28 1 2 1E3
h_e 28 1 3 1E3
h_e 28 1 4 1E3
h_e 28 2 1 1E3
h_e 28 2 2 1E3
h_e 28 2 3 1E3
h_e 28 2 4 1E3
h_e 28 3 1 1E3
h_e 28 3 2 1E3
h_e 28 3 3 1E3
h_e 28 3 4 1E3
h_e 28 4 1 1E3
h_e 28 4 2 1E3
h_e 28 4 3 1E3
h_e 28 4 4 1E3
nh4_e 28 1 1 1E3
nh4_e 28 1 2 1E3
nh4_e 28 1 3 1E3
nh4_e 28 1 4 1E3
nh4_e 28 2 1 1E3
nh4_e 28 2 2 1E3
nh4_e 28 2 3 1E3
nh4_e 28 2 4 1E3
nh4_e 28 3 1 1E3
nh4_e 28 3 2 1E3
nh4_e 28 3 3 1E3
nh4_e 28 3 4 1E3
nh4_e 28 4 1 1E3
nh4_e 28 4 2 1E3
nh4_e 28 4 3 1E3
nh4_e 28 4 4 1E3
o2_e 28 1 1 1E3
o2_e 28 1 2 1E3
o2_e 28 1 3 1E3
o2_e 28 1 4 1E3
o2_e 28 2 1 1E3
o2_e 28 2 2 1E3
o2_e 28 2 3 1E3
o2_e 28 2 4 1E3
o2_e 28 3 1 1E3
o2_e 28 3 2 1E3
o2_e 28 3 3 1E3
o2_e 28 3 4 1E3
o2_e 28 4 1 1E3
o2_e 28 4 2 1E3
o2_e 28 4 3 1E3
o2_e 28 4 4 1E3
pi_e 28 1 1 1E3
pi_e 28 1 2 1E3
pi_e 28 1 3 1E3
pi_e 28 1 4 1E3
pi_e 28 2 1 1E3
pi_e 28 2 2 1E3
pi_e 28 2 3 1E3
pi_e 28 2 4 1E3
pi_e 28 3 1 1E3
pi_e 28 3 2 1E3
pi_e 28 3 3 1E3
pi_e 28 3 4 1E3
pi_e 28 4 1 1E3
pi_e 28 4 2 1E3
pi_e 28 4 3 1E3
pi_e 28 4 4 1E3
succ_e 28 1 1 3.1248278885E-4
succ_e 28 1 2 3.1248046996E-4
succ_e 28 1 3 3.1247719056E-4
succ_e 28 1 4 3.1247487168E-4
succ_e 28 2 1 3.1248374938E-4
succ_e 28 2 2 3.1248143049E-4
succ_e 28 2 3 3.1247815108E-4
succ_e 28 2 4 3.1247583219E-4
succ_e 28 3 1 3.1248510777E-4
succ_e 28 3 2 3.1248278887E-4
succ_e 28 3 3 3.1247950945E-4
succ_e 28 3 4 3.1247719055E-4
succ_e 28 4 1 3.124860683E-4
succ_e 28 4 2 3.1248374939E-4
succ_e 28 4 3 3.1248046996E-4
succ_e 28 4 4 3.1247815105E-4
ac_e 29 1 1 1.0024022525E-2
ac_e 29 1 2 9.465091901E-3
ac_e 29 1 3 8.8500592296E-3
ac_e 29 1 4 8.4880149299E-3
ac_e 29 2 1 1.0844303387E-2
ac_e 29 2 2 9.9700472351E-3
ac_e 29 2 3 9.1030475993E-3
ac_e 29 2 4 8.6329543401E-3
ac_e 29 3 1 1.1824712879E-2
ac_e 29 3 2 1.0573817445E-2
ac_e 29 3 3 9.4089898519E-3
ac_e 29 3 4 8.8124761562E-3
ac_e 29 4 1 1.1659117811E-2
ac_e 29 4 2 1.0550392267E-2
ac_e 29 4 3 9.4650918972E-3
ac_e 29 4 4 8.8847468598E-3
co2_e 29 1 1 1E3
co2_e 29 1 2 1E3
co2_e 29 1 3 1E3
co2_e 29 1 4 1E3
co2_e 29 2 1 1E3
co2_e 29 2 2 1E3
co2_e 29 2 3 1E3
co2_e 29 2 4 1E3
co2_e 29 3 1 1E3
co2_e 29 3 2 1E3
co2_e 29 3 3 1E3
co2_e 29 3 4 1E3
co2_e 29 4 1 1E3
co2_e 29 4 2 1E3
co2_e 29 4 3 1E3
co2_e 29 4 4 1E3
etoh_e 29 1 1 1.562409954E-4
etoh_e 29 1 2 1.5624023498E-4
etoh_e 29 1 3 1.5623915959E-4
etoh_e 29 1 4 1.5623839917E-4
etoh_e 29 2 1 1.5624131038E-4
etoh_e 29 2 2 1.5624054996E-4
etoh_e 29 2 3 1.5623947457E-4
etoh_e 29 2 4 1.5623871415E-4
etoh_e 29 3 1 1.5624175583E-4
etoh_e 29 3 2 1.5624099541E-4
etoh_e 29 3 3 1.5623992001E-4
etoh_e 29 3 4 1.5623915959E-4
etoh_e 29 4 1 1.5624207081E-4
etoh_e 29 4 2 1.5624131038E-4
etoh_e 29 4 3 1.5624023498E-4
etoh_e 29 4 4 1.5623947456E-4
for_e 29 1 1 1.1362008408E-2
for_e 29 1 2 1.0718442137E-2
for_e 29 1 3 1.0010278883E-2
for_e 29 1 4 9.5934126077E-3
for_e 29 2 1 1.2306500602E-2
for_e 29 2 2 1.1299860379E-2
for_e 29 2 3 1.0301575859E-2
for_e 29 2 4 9.760299223E-3
for_e 29 3 1 1.3435368883E-2
for_e 29 3 2 1.1995056469E-2
for_e 29 3 3 1.0653845153E-2
for_e 29 3 4 9.9670047626E-3
for_e 29 4 1 1.3244698086E-2
for_e 29 4 2 1.1968083753E-2
for_e 29 4 3 1.0718442133E-2
for_e 29 4 4 1.0050218753E-2
glc__D_e 29 1 1 1.0489987762E1
glc__D_e 29 1 2 1.0490560942E1
glc__D_e 29 1 3 1.0491199912E1
glc__D_e 29 1 4 1.0491580454E1
glc__D_e 29 2 1 1.0489185182E1
glc__D_e 29 2 2 1.0490066883E1
glc__D_e 29 2 3 1.0490952383E1
glc__D_e 29 2 4 1.0491438642E1
glc__D_e 29 3 1 1.0488225929E1
glc__D_e 29 3 2 1.0489476141E1
glc__D_e 29 3 3 1.0490653042E1
glc__D_e 29 3 4 1.0491262994E1
glc__D_e 29 4 1 1.048838795E1
glc__D_e 29 4 2 1.0489499061E1
glc__D_e 29 4 3 1.049059815E1
glc__D_e 29 4 4 1.0491192283E1
h2o_e 29 1 1 1E3
h2o_e 29 1 2 1E3
h2o_e 29 1 3 1E3
h2o_e 29 1 4 1E3
h2o_e 29 2 1 1E3
h2o_e 29 2 2 1E3
h2o_e 29 2 3 1E3
h2o_e 29 2 4 1E3
h2o_e 29 3 1 1E3
h2o_e 29 3 2 1E3
h2o_e 29 3 3 1E3
h2o_e 29 3 4 1E3
h2o_e 29 4 1 1E3
h2o_e 29 4 2 1E3
h2o_e 29 4 3 1E3
h2o_e 29 4 4 1E3
h_e 29 1 1 1E3
h_e 29 1 2 1E3
h_e 29 1 3 1E3
h_e 29 1 4 1E3
h_e 29 2 1 1E3
h_e 29 2 2 1E3
h_e 29 2 3 1E3
h_e 29 2 4 1E3
h_e 29 3 1 1E3
h_e 29 3 2 1E3
h_e 29 3 3 1E3
h_e 29 3 4 1E3
h_e 29 4 1 1E3
h_e 29 4 2 1E3
h_e 29 4 3 1E3
h_e 29 4 4 1E3
nh4_e 29 1 1 1E3
nh4_e 29 1 2 1E3
nh4_e 29 1 3 1E3
nh4_e 29 1 4 1E3
nh4_e 29 2 1 1E3
nh4_e 29 2 2 1E3
nh4_e 29 2 3 1E3
nh4_e 29 2 4 1E3
nh4_e 29 3 1 1E3
nh4_e 29 3 2 1E3
nh4_e 29 3 3 1E3
nh4_e 29 3 4 1E3
nh4_e 29 4 1 1E3
nh4_e 29 4 2 1E3
nh4_e 29 4 3 1E3
nh4_e 29 4 4 1E3
o2_e 29 1 1 1E3
o2_e 29 1 2 1E3
o2_e 29 1 3 1E3
o2_e 29 1 4 1E3
o2_e 29 2 1 1E3
o2_e 29 2 2 1E3
o2_e 29 2 3 1E3
o2_e 29 2 4 1E3
o2_e 29 3 1 1E3
o2_e 29 3 2 1E3
o2_e 29 3 3 1E3
o2_e 29 3 4 1E3
o2_e 29 4 1 1E3
o2_e 29 4 2 1E3
o2_e 29 4 3 1E3
o2_e 29 4 4 1E3
pi_e 29 1 1 1E3
pi_e 29 1 2 1E3
pi_e 29 1 3 1E3
pi_e 29 1 4 1E3
pi_e 29 2 1 1E3
pi_e 29 2 2 1E3
pi_e 29 2 3 1E3
pi_e 29 2 4 1E3
pi_e 29 3 1 1E3
pi_e 29 3 2 1E3
pi_e 29 3 3 1E3
pi_e 29 3 4 1E3
pi_e 29 4 1 1E3
pi_e 29 4 2 1E3
pi_e 29 4 3 1E3
pi_e 29 4 4 1E3
succ_e 29 1 1 3.124819908E-4
succ_e 29 1 2 3.1248046997E-4
succ_e 29 1 3 3.1247831918E-4
succ_e 29 1 4 3.1247679835E-4
succ_e 29 2 1 3.1248262076E-4
succ_e 29 2 2 3.1248109992E-4
succ_e 29 2 3 3.1247894913E-4
succ_e 29 2 4 3.1247742829E-4
succ_e 29 3 1 3.1248351165E-4
succ_e 29 3 2 3.1248199081E-4
succ_e 29 3 3 3.1247984002E-4
succ_e 29 3 4 3.1247831917E-4
succ_e 29 4 1 3.1248414161E-4
succ_e 29 4 2 3.1248262077E-4
succ_e 29 4 3 3.1248046997E-4
succ_e 29 4 4 3.1247894912E-4
ac_e 30 1 1 1.0396971858E-2
ac_e 30 1 2 9.8350937587E-3
ac_e 30 1 3 9.2167529051E-3
ac_e 30 1 4 8.8527468981E-3
ac_e 30 2 1 1.1221274644E-2
ac_e 30 2 2 1.0342636398E-2
ac_e 30 2 3 9.4710877497E-3
ac_e 30 2 4 8.9984708435E-3
ac_e 30 3 1 1.2206268372E-2
ac_e 30 3 2 1.094939794E-2
ac_e 30 3 3 9.7786310022E-3
ac_e 30 3 4 9.1789590553E-3
ac_e 30 4 1 1.204040448E-2
ac_e 30 4 2 1.0926100298E-2
ac_e 30 4 3 9.8350937545E-3
ac_e 30 4 4 9.2516298492E-3
co2_e 30 1 1 1E3
co2_e 30 1 2 1E3
co2_e 30 1 3 1E3
co2_e 30 1 4 1E3
co2_e 30 2 1 1E3
co2_e 30 2 2 1E3
co2_e 30 2 3 1E3
co2_e 30 2 4 1E3
co2_e 30 3 1 1E3
co2_e 30 3 2 1E3
co2_e 30 3 3 1E3
co2_e 30 3 4 1E3
co2_e 30 4 1 1E3
co2_e 30 4 2 1E3
co2_e 30 4 3 1E3
co2_e 30 4 4 1E3
etoh_e 30 1 1 1.562407337E-4
etoh_e 30 1 2 1.5624023498E-4
etoh_e 30 1 3 1.5623952969E-4
etoh_e 30 1 4 1.5623903097E-4
etoh_e 30 2 1 1.5624094028E-4
etoh_e 30 2 2 1.5624044156E-4
etoh_e 30 2 3 1.5623973627E-4
etoh_e 30 2 4 1.5623923755E-4
etoh_e 30 3 1 1.5624123242E-4
etoh_e 30 3 2 1.562407337E-4
etoh_e 30 3 3 1.5624002841E-4
etoh_e 30 3 4 1.5623952969E-4
etoh_e 30 4 1 1.56241439E-4
etoh_e 30 4 2 1.5624094028E-4
etoh_e 30 4 3 1.5624023498E-4
etoh_e 30 4 4 1.5623973626E-4
for_e 30 1 1 1.1791432198E-2
for_e 30 1 2 1.1144471826E-2
for_e 30 1 3 1.043249902E-2
for_e 30 1 4 1.0013373682E-2
for_e 30 2 1 1.2740555463E-2
for_e 30 2 2 1.1728869284E-2
for_e 30 2 3 1.0725346487E-2
for_e 30 2 4 1.0181163756E-2
for_e 30 3 1 1.3874702328E-2
for_e 30 3 2 1.2427509847E-2
for_e 30 3 3 1.1079459389E-2
for_e 30 3 4 1.0388982206E-2
for_e 30 4 1 1.3683722125E-2
for_e 30 4 2 1.2400684103E-2
for_e 30 4 3 1.1144471821E-2
for_e 30 4 4 1.0472656995E-2
glc__D_e 30 1 1 1.0489638318E1
glc__D_e 30 1 2 1.0490205327E1
glc__D_e 30 1 3 1.0490834728E1
glc__D_e 30 1 4 1.0491208135E1
glc__D_e 30 2 1 1.0488831803E1
glc__D_e 30 2 2 1.0489708737E1
glc__D_e 30 2 3 1.0490585882E1
glc__D_e 30 2 4 1.0491065556E1
glc__D_e 30 3 1 1.0487868065E1
glc__D_e 30 3 2 1.0489115069E1
glc__D_e 30 3 3 1.0490284975E1
glc__D_e 30 3 4 1.0490888962E1
glc__D_e 30 4 1 1.0488030349E1
glc__D_e 30 4 2 1.0489137863E1
glc__D_e 30 4 3 1.049022973E1
glc__D_e 30 4 4 1.0490817859E1
h2o_e 30 1 1 1E3
h2o_e 30 1 2 1E3
h2o_e 30 1 3 1E3
h2o_e 30 1 4 1E3
h2o_e 30 2 1 1E3
h2o_e 30 2 2 1E3
h2o_e 30 2 3 1E3
h2o_e 30 2 4 1E3
h2o_e 30 3 1 1E3
h2o_e 30 3 2 1E3
h2o_e 30 3 3 1E3
h2o_e 30 3 4 1E3
h2o_e 30 4 1 1E3
h2o_e 30 4 2 1E3
h2o_e 30 4 3 1E3
h2o_e 30 4 4 1E3
h_e 30 1 1 1E3
h_e 30 1 2 1E3
h_e 30 1 3 1E3
h_e 30 1 4 1E3
h_e 30 2 1 1E3
h_e 30 2 2 1E3
h_e 30 2 3 1E3
h_e 30 2 4 1E3
h_e 30 3 1 1E3
h_e 30 3 2 1E3
h_e 30 3 3 1E3
h_e 30 3 4 1E3
h_e 30 4 1 1E3
h_e 30 4 2 1E3
h_e 30 4 3 1E3
h_e 30 4 4 1E3
nh4_e 30 1 1 1E3
nh4_e 30 1 2 1E3
nh4_e 30 1 3 1E3
nh4_e 30 1 4 1E3
nh4_e 30 2 1 1E3
nh4_e 30 2 2 1E3
nh4_e 30 2 3 1E3
nh4_e 30 2 4 1E3
nh4_e 30 3 1 1E3
nh4_e 30 3 2 1E3
nh4_e 30 3 3 1E3
nh4_e 30 3 4 1E3
nh4_e 30 4 1 1E3
nh4_e 30 4 2 1E3
nh4_e 30 4 3 1E3
nh4_e 30 4 4 1E3
o2_e 30 1 1 1E3
o2_e 30 1 2 1E3
o2_e 30 1 3 1E3
o2_e 30 1 4 1E3
o2_e 30 2 1 1E3
o2_e 30 2 2 1E3
o2_e 30 2 3 1E3
o2_e 30 2 4 1E3
o2_e 30 3 1 1E3
o2_e 30 3 2 1E3
o2_e 30 3 3 1E3
o2_e 30 3 4 1E3
o2_e 30 4 1 1E3
o2_e 30 4 2 1E3
o2_e 30 4 3 1E3
o2_e 30 4 4 1E3
pi_e 30 1 1 1E3
pi_e 30 1 2 1E3
pi_e 30 1 3 1E3
pi_e 30 1 4 1E3
pi_e 30 2 1 1E3
pi_e 30 2 2 1E3
pi_e 30 2 3 1E3
pi_e 30 2 4 1E3
pi_e 30 3 1 1E3
pi_e 30 3 2 1E3
pi_e 30 3 3 1E3
pi_e 30 3 4 1E3
pi_e 30 4 1 1E3
pi_e 30 4 2 1E3
pi_e 30 4 3 1E3
pi_e 30 4 4 1E3
succ_e 30 1 1 3.124814674E-4
succ_e 30 1 2 3.1248046997E-4
succ_e 30 1 3 3.1247905938E-4
succ_e 30 1 4 3.1247806195E-4
succ_e 30 2 1 3.1248188056E-4
succ_e 30 2 2 3.1248088312E-4
succ_e 30 2 3 3.1247947253E-4
succ_e 30 2 4 3.124784751E-4
succ_e 30 3 1 3.1248246485E-4
succ_e 30 3 2 3.1248146741E-4
succ_e 30 3 3 3.1248005682E-4
succ_e 30 3 4 3.1247905938E-4
succ_e 30 4 1 3.12482878E-4
succ_e 30 4 2 3.1248188056E-4
succ_e 30 4 3 3.1248046997E-4
succ_e 30 4 4 3.1247947253E-4
ac_e 31 1 1 1.0771941137E-2
ac_e 31 1 2 1.020710054E-2
ac_e 31 1 3 9.585434416E-3
ac_e 31 1 4 9.2194565437E-3
ac_e 31 2 1 1.1600285333E-2
ac_e 31 2 2 1.0717243456E-2
ac_e 31 2 3 9.8411226661E-3
ac_e 31 2 4 9.365969072E-3
ac_e 31 3 1 1.258988484E-2
ac_e 31 3 2 1.1327010947E-2
ac_e 31 3 3 1.0150275011E-2
ac_e 31 3 4 9.5474286048E-3
ac_e 31 4 1 1.2423752867E-2
ac_e 31 4 2 1.1303842459E-2
ac_e 31 4 3 1.0207100536E-2
ac_e 31 4 4 9.620501527E-3
co2_e 31 1 1 1E3
co2_e 31 1 2 1E3
co2_e 31 1 3 1E3
co2_e 31 1 4 1E3
co2_e 31 2 1 1E3
co2_e 31 2 2 1E3
co2_e 31 2 3 1E3
co2_e 31 2 4 1E3
co2_e 31 3 1 1E3
co2_e 31 3 2 1E3
co2_e 31 3 3 1E3
co2_e 31 3 4 1E3
co2_e 31 4 1 1E3
co2_e 31 4 2 1E3
co2_e 31 4 3 1E3
co2_e 31 4 4 1E3
etoh_e 31 1 1 1.5624056207E-4
etoh_e 31 1 2 1.5624023498E-4
etoh_e 31 1 3 1.5623977242E-4
etoh_e 31 1 4 1.5623944534E-4
etoh_e 31 2 1 1.5624069755E-4
etoh_e 31 2 2 1.5624037047E-4
etoh_e 31 2 3 1.562399079E-4
etoh_e 31 2 4 1.5623958082E-4
etoh_e 31 3 1 1.5624088915E-4
etoh_e 31 3 2 1.5624056207E-4
etoh_e 31 3 3 1.562400995E-4
etoh_e 31 3 4 1.5623977242E-4
etoh_e 31 4 1 1.5624102463E-4
etoh_e 31 4 2 1.5624069755E-4
etoh_e 31 4 3 1.5624023498E-4
etoh_e 31 4 4 1.562399079E-4
for_e 31 1 1 1.2223181701E-2
for_e 31 1 2 1.1572810036E-2
for_e 31 1 3 1.0857008148E-2
for_e 31 1 4 1.0435612156E-2
for_e 31 2 1 1.3176958433E-2
for_e 31 2 2 1.21602016E-2
for_e 31 2 3 1.1151414042E-2
for_e 31 2 4 1.0604310307E-2
for_e 31 3 1 1.4316408625E-2
for_e 31 3 2 1.2862303407E-2
for_e 31 3 3 1.150737981E-2
for_e 31 3 4 1.0813247276E-2
for_e 31 4 1 1.4125119828E-2
for_e 31 4 2 1.2835626455E-2
for_e 31 4 3 1.1572810031E-2
for_e 31 4 4 1.0897385168E-2
glc__D_e 31 1 1 1.0489281579E1
glc__D_e 31 1 2 1.0489845547E1
glc__D_e 31 1 3 1.0490469803E1
glc__D_e 31 1 4 1.0490839201E1
glc__D_e 31 2 1 1.0488471109E1
glc__D_e 31 2 2 1.0489346413E1
glc__D_e 31 2 3 1.0490219632E1
glc__D_e 31 2 4 1.049069585E1
glc__D_e 31 3 1 1.0487502865E1
glc__D_e 31 3 2 1.0488749804E1
glc__D_e 31 3 3 1.0489917151E1
glc__D_e 31 3 4 1.0490518306E1
glc__D_e 31 4 1 1.0487665412E1
glc__D_e 31 4 2 1.0488772472E1
glc__D_e 31 4 3 1.0489861552E1
glc__D_e 31 4 4 1.049044681E1
h2o_e 31 1 1 1E3
h2o_e 31 1 2 1E3
h2o_e 31 1 3 1E3
h2o_e 31 1 4 1E3
h2o_e 31 2 1 1E3
h2o_e 31 2 2 1E3
h2o_e 31 2 3 1E3
h2o_e 31 2 4 1E3
h2o_e 31 3 1 1E3
h2o_e 31 3 2 1E3
h2o_e 31 3 3 1E3
h2o_e 31 3 4 1E3
h2o_e 31 4 1 1E3
h2o_e 31 4 2 1E3
h2o_e 31 4 3 1E3
h2o_e 31 4 4 1E3
h_e 31 1 1 1E3
h_e 31 1 2 1E3
h_e 31 1 3 1E3
h_e 31 1 4 1E3
h_e 31 2 1 1E3
h_e 31 2 2 1E3
h_e 31 2 3 1E3
h_e 31 2 4 1E3
h_e 31 3 1 1E3
h_e 31 3 2 1E3
h_e 31 3 3 1E3
h_e 31 3 4 1E3
h_e 31 4 1 1E3
h_e 31 4 2 1E3
h_e 31 4 3 1E3
h_e 31 4 4 1E3
nh4_e 31 1 1 1E3
nh4_e 31 1 2 1E3
nh4_e 31 1 3 1E3
nh4_e 31 1 4 1E3
nh4_e 31 2 1 1E3
nh4_e 31 2 2 1E3
nh4_e 31 2 3 1E3
nh4_e 31 2 4 1E3
nh4_e 31 3 1 1E3
nh4_e 31 3 2 1E3
nh4_e 31 3 3 1E3
nh4_e 31 3 4 1E3
nh4_e 31 4 1 1E3
nh4_e 31 4 2 1E3
nh4_e 31 4 3 1E3
nh4_e 31 4 4 1E3
o2_e 31 1 1 1E3
o2_e 31 1 2 1E3
o2_e 31 1 3 1E3
o2_e 31 1 4 1E3
o2_e 31 2 1 1E3
o2_e 31 2 2 1E3
o2_e 31 2 3 1E3
o2_e 31 2 4 1E3
o2_e 31 3 1 1E3
o2_e 31 3 2 1E3
o2_e 31 3 3 1E3
o2_e 31 3 4 1E3
o2_e 31 4 1 1E3
o2_e 31 4 2 1E3
o2_e 31 4 3 1E3
o2_e 31 4 4 1E3
pi_e 31 1 1 1E3
pi_e 31 1 2 1E3
pi_e 31 1 3 1E3
pi_e 31 1 4 1E3
pi_e 31 2 1 1E3
pi_e 31 2 2 1E3
pi_e 31 2 3 1E3
pi_e 31 2 4 1E3
pi_e 31 3 1 1E3
pi_e 31 3 2 1E3
pi_e 31 3 3 1E3
pi_e 31 3 4 1E3
pi_e 31 4 1 1E3
pi_e 31 4 2 1E3
pi_e 31 4 3 1E3
pi_e 31 4 4 1E3
succ_e 31 1 1 3.1248112413E-4
succ_e 31 1 2 3.1248046997E-4
succ_e 31 1 3 3.1247954484E-4
succ_e 31 1 4 3.1247889068E-4
succ_e 31 2 1 3.124813951E-4
succ_e 31 2 2 3.1248074093E-4
succ_e 31 2 3 3.1247981581E-4
succ_e 31 2 4 3.1247916164E-4
succ_e 31 3 1 3.124817783E-4
succ_e 31 3 2 3.1248112414E-4
succ_e 31 3 3 3.1248019901E-4
succ_e 31 3 4 3.1247954484E-4
succ_e 31 4 1 3.1248204927E-4
succ_e 31 4 2 3.124813951E-4
succ_e 31 4 3 3.1248046997E-4
succ_e 31 4 4 3.124798158E-4
ac_e 32 1 1 1.1148941458E-2
ac_e 32 1 2 1.058112311E-2
ac_e 32 1 3 9.9561143188E-3
ac_e 32 1 4 9.5881542155E-3
ac_e 32 2 1 1.1981346708E-2
ac_e 32 2 2 1.1093879399E-2
ac_e 32 2 3 1.0213163004E-2
ac_e 32 2 4 9.7354594596E-3
ac_e 32 3 1 1.297557373E-2
ac_e 32 3 2 1.1706667621E-2
ac_e 32 3 3 1.0523932665E-2
ac_e 32 3 4 9.9178953544E-3
ac_e 32 4 1 1.2809174493E-2
ac_e 32 4 2 1.168362998E-2
ac_e 32 4 3 1.0581123105E-2
ac_e 32 4 4 9.9913725177E-3
co2_e 32 1 1 1E3
co2_e 32 1 2 1E3
co2_e 32 1 3 1E3
co2_e 32 1 4 1E3
co2_e 32 2 1 1E3
co2_e 32 2 2 1E3
co2_e 32 2 3 1E3
co2_e 32 2 4 1E3
co2_e 32 3 1 1E3
co2_e 32 3 2 1E3
co2_e 32 3 3 1E3
co2_e 32 3 4 1E3
co2_e 32 4 1 1E3
co2_e 32 4 2 1E3
co2_e 32 4 3 1E3
co2_e 32 4 4 1E3
etoh_e 32 1 1 1.562404495E-4
etoh_e 32 1 2 1.5624023499E-4
etoh_e 32 1 3 1.5623993161E-4
etoh_e 32 1 4 1.562397171E-4
etoh_e 32 2 1 1.5624053836E-4
etoh_e 32 2 2 1.5624032384E-4
etoh_e 32 2 3 1.5624002047E-4
etoh_e 32 2 4 1.5623980595E-4
etoh_e 32 3 1 1.5624066402E-4
etoh_e 32 3 2 1.562404495E-4
etoh_e 32 3 3 1.5624014613E-4
etoh_e 32 3 4 1.5623993161E-4
etoh_e 32 4 1 1.5624075287E-4
etoh_e 32 4 2 1.5624053836E-4
etoh_e 32 4 3 1.5624023499E-4
etoh_e 32 4 4 1.5624002047E-4
for_e 32 1 1 1.265726973E-2
for_e 32 1 2 1.2003469276E-2
for_e 32 1 3 1.1283818372E-2
for_e 32 1 4 1.0860139859E-2
for_e 32 2 1 1.3615722517E-2
for_e 32 2 2 1.2593869999E-2
for_e 32 2 3 1.157979076E-2
for_e 32 2 4 1.1029750816E-2
for_e 32 3 1 1.4760501026E-2
for_e 32 3 2 1.329945003E-2
for_e 32 3 3 1.1937618824E-2
for_e 32 3 4 1.123981207E-2
for_e 32 4 1 1.4568904548E-2
for_e 32 4 2 1.3272923793E-2
for_e 32 4 3 1.2003469271E-2
for_e 32 4 4 1.132441547E-2
glc__D_e 32 1 1 1.0488919363E1
glc__D_e 32 1 2 1.048948235E1
glc__D_e 32 1 3 1.0490104368E1
glc__D_e 32 1 4 1.049047181E1
glc__D_e 32 2 1 1.048810492E1
glc__D_e 32 2 2 1.0488980659E1
glc__D_e 32 2 3 1.0489852866E1
glc__D_e 32 2 4 1.0490327684E1
glc__D_e 32 3 1 1.0487132148E1
glc__D_e 32 3 2 1.0488381094E1
glc__D_e 32 3 3 1.0489548803E1
glc__D_e 32 3 4 1.0490149185E1
glc__D_e 32 4 1 1.0487294956E1
glc__D_e 32 4 2 1.0488403634E1
glc__D_e 32 4 3 1.0489492847E1
glc__D_e 32 4 4 1.0490077293E1
h2o_e 32 1 1 1E3
h2o_e 32 1 2 1E3
h2o_e 32 1 3 1E3
h2o_e 32 1 4 1E3
h2o_e 32 2 1 1E3
h2o_e 32 2 2 1E3
h2o_e 32 2 3 1E3
h2o_e 32 2 4 1E3
h2o_e 32 3 1 1E3
h2o_e 32 3 2 1E3
h2o_e 32 3 3 1E3
h2o_e 32 3 4 1E3
h2o_e 32 4 1 1E3
h2o_e 32 4 2 1E3
h2o_e 32 4 3 1E3
h2o_e 32 4 4 1E3
h_e 32 1 1 1E3
h_e 32 1 2 1E3
h_e 32 1 3 1E3
h_e 32 1 4 1E3
h_e 32 2 1 1E3
h_e 32 2 2 1E3
h_e 32 2 3 1E3
h_e 32 2 4 1E3
h_e 32 3 1 1E3
h_e 32 3 2 1E3
h_e 32 3 3 1E3
h_e 32 3 4 1E3
h_e 32 4 1 1E3
h_e 32 4 2 1E3
h_e 32 4 3 1E3
h_e 32 4 4 1E3
nh4_e 32 1 1 1E3
nh4_e 32 1 2 1E3
nh4_e 32 1 3 1E3
nh4_e 32 1 4 1E3
nh4_e 32 2 1 1E3
nh4_e 32 2 2 1E3
nh4_e 32 2 3 1E3
nh4_e 32 2 4 1E3
nh4_e 32 3 1 1E3
nh4_e 32 3 2 1E3
nh4_e 32 3 3 1E3
nh4_e 32 3 4 1E3
nh4_e 32 4 1 1E3
nh4_e 32 4 2 1E3
nh4_e 32 4 3 1E3
nh4_e 32 4 4 1E3
o2_e 32 1 1 1E3
o2_e 32 1 2 1E3
o2_e 32 1 3 1E3
o2_e 32 1 4 1E3
o2_e 32 2 1 1E3
o2_e 32 2 2 1E3
o2_e 32 2 3 1E3
o2_e 32 2 4 1E3
o2_e 32 3 1 1E3
o2_e 32 3 2 1E3
o2_e 32 3 3 1E3
o2_e 32 3 4 1E3
o2_e 32 4 1 1E3
o2_e 32 4 2 1E3
o2_e 32 4 3 1E3
o2_e 32 4 4 1E3
pi_e 32 1 1 1E3
pi_e 32 1 2 1E3
pi_e 32 1 3 1E3
pi_e 32 1 4 1E3
pi_e 32 2 1 1E3
pi_e 32 2 2 1E3
pi_e 32 2 3 1E3
pi_e 32 2 4 1E3
pi_e 32 3 1 1E3
pi_e 32 3 2 1E3
pi_e 32 3 3 1E3
pi_e 32 3 4 1E3
pi_e 32 4 1 1E3
pi_e 32 4 2 1E3
pi_e 32 4 3 1E3
pi_e 32 4 4 1E3
succ_e 32 1 1 3.12480899E-4
succ_e 32 1 2 3.1248046997E-4
succ_e 32 1 3 3.1247986323E-4
succ_e 32 1 4 3.124794342E-4
succ_e 32 2 1 3.1248107671E-4
succ_e 32 2 2 3.1248064768E-4
succ_e 32 2 3 3.1248004094E-4
succ_e 32 2 4 3.1247961191E-4
succ_e 32 3 1 3.1248132804E-4
succ_e 32 3 2 3.12480899E-4
succ_e 32 3 3 3.1248029226E-4
succ_e 32 3 4 3.1247986323E-4
succ_e 32 4 1 3.1248150575E-4
succ_e 32 4 2 3.1248107671E-4
succ_e 32 4 3 3.1248046997E-4
succ_e 32 4 4 3.1248004094E-4
ac_e 33 1 1 1.1527983922E-2
ac_e 33 1 2 1.0957172389E-2
ac_e 33 1 3 1.0328803302E-2
ac_e 33 1 4 9.9588504455E-3
ac_e 33 2 1 1.2364470008E-2
ac_e 33 2 2 1.1472555259E-2
ac_e 33 2 3 1.0587219531E-2
ac_e 33 2 4 1.0106952602E-2
ac_e 33 3 1 1.3363346444E-2
ac_e 33 3 2 1.2088379124E-2
ac_e 33 3 3 1.0899614832E-2
ac_e 33 3 4 1.0290369985E-2
ac_e 33 4 1 1.3196680818E-2
ac_e 33 4 2 1.2065474081E-2
ac_e 33 4 3 1.0957172384E-2
ac_e 33 4 4 1.0364253556E-2
co2_e 33 1 1 1E3
co2_e 33 1 2 1E3
co2_e 33 1 3 1E3
co2_e 33 1 4 1E3
co2_e 33 2 1 1E3
co2_e 33 2 2 1E3
co2_e 33 2 3 1E3
co2_e 33 2 4 1E3
co2_e 33 3 1 1E3
co2_e 33 3 2 1E3
co2_e 33 3 3 1E3
co2_e 33 3 4 1E3
co2_e 33 4 1 1E3
co2_e 33 4 2 1E3
co2_e 33 4 3 1E3
co2_e 33 4 4 1E3
etoh_e 33 1 1 1.5624037567E-4
etoh_e 33 1 2 1.5624023499E-4
etoh_e 33 1 3 1.5624003602E-4
etoh_e 33 1 4 1.5623989533E-4
etoh_e 33 2 1 1.5624043395E-4
etoh_e 33 2 2 1.5624029326E-4
etoh_e 33 2 3 1.562400943E-4
etoh_e 33 2 4 1.5623995361E-4
etoh_e 33 3 1 1.5624051636E-4
etoh_e 33 3 2 1.5624037567E-4
etoh_e 33 3 3 1.5624017671E-4
etoh_e 33 3 4 1.5624003602E-4
etoh_e 33 4 1 1.5624057464E-4
etoh_e 33 4 2 1.5624043395E-4
etoh_e 33 4 3 1.5624023499E-4
etoh_e 33 4 4 1.562400943E-4
for_e 33 1 1 1.3093709091E-2
for_e 33 1 2 1.2436462122E-2
for_e 33 1 3 1.1712941965E-2
for_e 33 1 4 1.128696886E-2
for_e 33 2 1 1.4056860692E-2
for_e 33 2 2 1.3029887193E-2
for_e 33 2 3 1.2010489014E-2
for_e 33 2 4 1.1457497439E-2
for_e 33 3 1 1.5206992707E-2
for_e 33 3 2 1.373896259E-2
for_e 33 3 3 1.2370188932E-2
for_e 33 3 4 1.1668688853E-2
for_e 33 4 1 1.5015089536E-2
for_e 33 4 2 1.3712589066E-2
for_e 33 4 3 1.2436462116E-2
for_e 33 4 4 1.1753760236E-2
glc__D_e 33 1 1 1.048855286E1
glc__D_e 33 1 2 1.0489116222E1
glc__D_e 33 1 3 1.0489737915E1
glc__D_e 33 1 4 1.0490104753E1
glc__D_e 33 2 1 1.0487734425E1
glc__D_e 33 2 2 1.0488611961E1
glc__D_e 33 2 3 1.0489485076E1
glc__D_e 33 2 4 1.0489959847E1
glc__D_e 33 3 1 1.0486757104E1
glc__D_e 33 3 2 1.0488009426E1
glc__D_e 33 3 3 1.0489179422E1
glc__D_e 33 3 4 1.0489780387E1
glc__D_e 33 4 1 1.0486920173E1
glc__D_e 33 4 2 1.0488031837E1
glc__D_e 33 4 3 1.0489123106E1
glc__D_e 33 4 4 1.0489708098E1
h2o_e 33 1 1 1E3
h2o_e 33 1 2 1E3
h2o_e 33 1 3 1E3
h2o_e 33 1 4 1E3
h2o_e 33 2 1 1E3
h2o_e 33 2 2 1E3
h2o_e 33 2 3 1E3
h2o_e 33 2 4 1E3
h2o_e 33 3 1 1E3
h2o_e 33 3 2 1E3
h2o_e 33 3 3 1E3
h2o_e 33 3 4 1E3
h2o_e 33 4 1 1E3
h2o_e 33 4 2 1E3
h2o_e 33 4 3 1E3
h2o_e 33 4 4 1E3
h_e 33 1 1 1E3
h_e 33 1 2 1E3
h_e 33 1 3 1E3
h_e 33 1 4 1E3
h_e 33 2 1 1E3
h_e 33 2 2 1E3
h_e 33 2 3 1E3
h_e 33 2 4 1E3
h_e 33 3 1 1E3
h_e 33 3 2 1E3
h_e 33 3 3 1E3
h_e 33 3 4 1E3
h_e 33 4 1 1E3
h_e 33 4 2 1E3
h_e 33 4 3 1E3
h_e 33 4 4 1E3
nh4_e 33 1 1 1E3
nh4_e 33 1 2 1E3
nh4_e 33 1 3 1E3
nh4_e 33 1 4 1E3
nh4_e 33 2 1 1E3
nh4_e 33 2 2 1E3
nh4_e 33 2 3 1E3
nh4_e 33 2 4 1E3
nh4_e 33 3 1 1E3
nh4_e 33 3 2 1E3
nh4_e 33 3 3 1E3
nh4_e 33 3 4 1E3
nh4_e 33 4 1 1E3
nh4_e 33 4 2 1E3
nh4_e 33 4 3 1E3
nh4_e 33 4 4 1E3
o2_e 33 1 1 1E3
o2_e 33 1 2 1E3
o2_e 33 1 3 1E3
o2_e 33 1 4 1E3
o2_e 33 2 1 1E3
o2_e 33 2 2 1E3
o2_e 33 2 3 1E3
o2_e 33 2 4 1E3
o2_e 33 3 1 1E3
o2_e 33 3 2 1E3
o2_e 33 3 3 1E3
o2_e 33 3 4 1E3
o2_e 33 4 1 1E3
o2_e 33 4 2 1E3
o2_e 33 4 3 1E3
o2_e 33 4 4 1E3
pi_e 33 1 1 1E3
pi_e 33 1 2 1E3
pi_e 33 1 3 1E3
pi_e 33 1 4 1E3
pi_e 33 2 1 1E3
pi_e 33 2 2 1E3
pi_e 33 2 3 1E3
pi_e 33 2 4 1E3
pi_e 33 3 1 1E3
pi_e 33 3 2 1E3
pi_e 33 3 3 1E3
pi_e 33 3 4 1E3
pi_e 33 4 1 1E3
pi_e 33 4 2 1E3
pi_e 33 4 3 1E3
pi_e 33 4 4 1E3
succ_e 33 1 1 3.1248075135E-4
succ_e 33 1 2 3.1248046997E-4
succ_e 33 1 3 3.1248007204E-4
succ_e 33 1 4 3.1247979066E-4
succ_e 33 2 1 3.124808679E-4
succ_e 33 2 2 3.1248058652E-4
succ_e 33 2 3 3.1248018859E-4
succ_e 33 2 4 3.1247990721E-4
succ_e 33 3 1 3.1248103273E-4
succ_e 33 3 2 3.1248075135E-4
succ_e 33 3 3 3.1248035342E-4
succ_e 33 3 4 3.1248007204E-4
succ_e 33 4 1 3.1248114928E-4
succ_e 33 4 2 3.124808679E-4
succ_e 33 4 3 3.1248046997E-4
succ_e 33 4 4 3.1248018859E-4
ac_e 34 1 1 1.1909079658E-2
ac_e 34 1 2 1.133525936E-2
ac_e 34 1 3 1.0703512159E-2
ac_e 34 1 4 1.0331555906E-2
ac_e 34 2 1 1.2749666484E-2
ac_e 34 2 2 1.1853282111E-2
ac_e 34 2 3 1.0963303105E-2
ac_e 34 2 4 1.0480459221E-2
ac_e 34 3 1 1.3753214379E-2
ac_e 34 3 2 1.2472156645E-2
ac_e 34 3 3 1.1277332454E-2
ac_e 34 3 4 1.0664863286E-2
ac_e 34 4 1 1.3586283277E-2
ac_e 34 4 2 1.2449385991E-2
ac_e 34 4 3 1.1335259355E-2
ac_e 34 4 4 1.0739155468E-2
co2_e 34 1 1 1E3
co2_e 34 1 2 1E3
co2_e 34 1 3 1E3
co2_e 34 1 4 1E3
co2_e 34 2 1 1E3
co2_e 34 2 2 1E3
co2_e 34 2 3 1E3
co2_e 34 2 4 1E3
co2_e 34 3 1 1E3
co2_e 34 3 2 1E3
co2_e 34 3 3 1E3
co2_e 34 3 4 1E3
co2_e 34 4 1 1E3
co2_e 34 4 2 1E3
co2_e 34 4 3 1E3
co2_e 34 4 4 1E3
etoh_e 34 1 1 1.5624032726E-4
etoh_e 34 1 2 1.5624023499E-4
etoh_e 34 1 3 1.5624010449E-4
etoh_e 34 1 4 1.5624001222E-4
etoh_e 34 2 1 1.5624036548E-4
etoh_e 34 2 2 1.5624027321E-4
etoh_e 34 2 3 1.5624014271E-4
etoh_e 34 2 4 1.5624005044E-4
etoh_e 34 3 1 1.5624041953E-4
etoh_e 34 3 2 1.5624032726E-4
etoh_e 34 3 3 1.5624019677E-4
etoh_e 34 3 4 1.5624010449E-4
etoh_e 34 4 1 1.5624045775E-4
etoh_e 34 4 2 1.5624036548E-4
etoh_e 34 4 3 1.5624023499E-4
etoh_e 34 4 4 1.5624014271E-4
for_e 34 1 1 1.3532512613E-2
for_e 34 1 2 1.2871801218E-2
for_e 34 1 3 1.2144391336E-2
for_e 34 1 4 1.1716111412E-2
for_e 34 2 1 1.4500385935E-2
for_e 34 2 2 1.3468265939E-2
for_e 34 2 3 1.2443521292E-2
for_e 34 2 4 1.1887562488E-2
for_e 34 3 1 1.565589682E-2
for_e 34 3 2 1.4180853988E-2
for_e 34 3 3 1.2805102727E-2
for_e 34 3 4 1.2099890026E-2
for_e 34 4 1 1.5463687997E-2
for_e 34 4 2 1.4154635226E-2
for_e 34 4 3 1.2871801213E-2
for_e 34 4 4 1.2185431918E-2
glc__D_e 34 1 1 1.0488182848E1
glc__D_e 34 1 2 1.0488747478E1
glc__D_e 34 1 3 1.0489370108E1
glc__D_e 34 1 4 1.048973723E1
glc__D_e 34 2 1 1.0487360401E1
glc__D_e 34 2 2 1.0488240634E1
glc__D_e 34 2 3 1.0489115923E1
glc__D_e 34 2 4 1.048959154E1
glc__D_e 34 3 1 1.0486378509E1
glc__D_e 34 3 2 1.0487635115E1
glc__D_e 34 3 3 1.048880867E1
glc__D_e 34 3 4 1.0489411115E1
glc__D_e 34 4 1 1.0486541838E1
glc__D_e 34 4 2 1.0487657394E1
glc__D_e 34 4 3 1.0488751993E1
glc__D_e 34 4 4 1.0489338426E1
h2o_e 34 1 1 1E3
h2o_e 34 1 2 1E3
h2o_e 34 1 3 1E3
h2o_e 34 1 4 1E3
h2o_e 34 2 1 1E3
h2o_e 34 2 2 1E3
h2o_e 34 2 3 1E3
h2o_e 34 2 4 1E3
h2o_e 34 3 1 1E3
h2o_e 34 3 2 1E3
h2o_e 34 3 3 1E3
h2o_e 34 3 4 1E3
h2o_e 34 4 1 1E3
h2o_e 34 4 2 1E3
h2o_e 34 4 3 1E3
h2o_e 34 4 4 1E3
h_e 34 1 1 1E3
h_e 34 1 2 1E3
h_e 34 1 3 1E3
h_e 34 1 4 1E3
h_e 34 2 1 1E3
h_e 34 2 2 1E3
h_e 34 2 3 1E3
h_e 34 2 4 1E3
h_e 34 3 1 1E3
h_e 34 3 2 1E3
h_e 34 3 3 1E3
h_e 34 3 4 1E3
h_e 34 4 1 1E3
h_e 34 4 2 1E3
h_e 34 4 3 1E3
h_e 34 4 4 1E3
nh4_e 34 1 1 1E3
nh4_e 34 1 2 1E3
nh4_e 34 1 3 1E3
nh4_e 34 1 4 1E3
nh4_e 34 2 1 1E3
nh4_e 34 2 2 1E3
nh4_e 34 2 3 1E3
nh4_e 34 2 4 1E3
nh4_e 34 3 1 1E3
nh4_e 34 3 2 1E3
nh4_e 34 3 3 1E3
nh4_e 34 3 4 1E3
nh4_e 34 4 1 1E3
nh4_e 34 4 2 1E3
nh4_e 34 4 3 1E3
nh4_e 34 4 4 1E3
o2_e 34 1 1 1E3
o2_e 34 1 2 1E3
o2_e 34 1 3 1E3
o2_e 34 1 4 1E3
o2_e 34 2 1 1E3
o2_e 34 2 2 1E3
o2_e 34 2 3 1E3
o2_e 34 2 4 1E3
o2_e 34 3 1 1E3
o2_e 34 3 2 1E3
o2_e 34 3 3 1E3
o2_e 34 3 4 1E3
o2_e 34 4 1 1E3
o2_e 34 4 2 1E3
o2_e 34 4 3 1E3
o2_e 34 4 4 1E3
pi_e 34 1 1 1E3
pi_e 34 1 2 1E3
pi_e 34 1 3 1E3
pi_e 34 1 4 1E3
pi_e 34 2 1 1E3
pi_e 34 2 2 1E3
pi_e 34 2 3 1E3
pi_e 34 2 4 1E3
pi_e 34 3 1 1E3
pi_e 34 3 2 1E3
pi_e 34 3 3 1E3
pi_e 34 3 4 1E3
pi_e 34 4 1 1E3
pi_e 34 4 2 1E3
pi_e 34 4 3 1E3
pi_e 34 4 4 1E3
succ_e 34 1 1 3.1248065451E-4
succ_e 34 1 2 3.1248046997E-4
succ_e 34 1 3 3.1248020899E-4
succ_e 34 1 4 3.1248002445E-4
succ_e 34 2 1 3.1248073095E-4
succ_e 34 2 2 3.1248054641E-4
succ_e 34 2 3 3.1248028543E-4
succ_e 34 2 4 3.1248010089E-4
succ_e 34 3 1 3.1248083905E-4
succ_e 34 3 2 3.1248065451E-4
succ_e 34 3 3 3.1248039353E-4
succ_e 34 3 4 3.1248020899E-4
succ_e 34 4 1 3.1248091549E-4
succ_e 34 4 2 3.1248073095E-4
succ_e 34 4 3 3.1248046997E-4
succ_e 34 4 4 3.1248028543E-4
ac_e 35 1 1 1.2292239831E-2
ac_e 35 1 2 1.1715395064E-2
ac_e 35 1 3 1.1080251776E-2
ac_e 35 1 4 1.0706281381E-2
ac_e 35 2 1 1.3136947419E-2
ac_e 35 2 2 1.223607108E-2
ac_e 35 2 3 1.1341424667E-2
ac_e 35 2 4 1.0855990142E-2
ac_e 35 3 1 1.4145188947E-2
ac_e 35 3 2 1.2858011409E-2
ac_e 35 3 3 1.165709654E-2
ac_e 35 3 4 1.1041386134E-2
ac_e 35 4 1 1.3977993316E-2
ac_e 35 4 2 1.2835376969E-2
ac_e 35 4 3 1.1715395059E-2
ac_e 35 4 4 1.1116089164E-2
co2_e 35 1 1 1E3
co2_e 35 1 2 1E3
co2_e 35 1 3 1E3
co2_e 35 1 4 1E3
co2_e 35 2 1 1E3
co2_e 35 2 2 1E3
co2_e 35 2 3 1E3
co2_e 35 2 4 1E3
co2_e 35 3 1 1E3
co2_e 35 3 2 1E3
co2_e 35 3 3 1E3
co2_e 35 3 4 1E3
co2_e 35 4 1 1E3
co2_e 35 4 2 1E3
co2_e 35 4 3 1E3
co2_e 35 4 4 1E3
etoh_e 35 1 1 1.562402955E-4
etoh_e 35 1 2 1.5624023499E-4
etoh_e 35 1 3 1.562401494E-4
etoh_e 35 1 4 1.5624008889E-4
etoh_e 35 2 1 1.5624032057E-4
etoh_e 35 2 2 1.5624026005E-4
etoh_e 35 2 3 1.5624017447E-4
etoh_e 35 2 4 1.5624011395E-4
etoh_e 35 3 1 1.5624035602E-4
etoh_e 35 3 2 1.562402955E-4
etoh_e 35 3 3 1.5624020992E-4
etoh_e 35 3 4 1.562401494E-4
etoh_e 35 4 1 1.5624038108E-4
etoh_e 35 4 2 1.5624032057E-4
etoh_e 35 4 3 1.5624023499E-4
etoh_e 35 4 4 1.5624017447E-4
for_e 35 1 1 1.3973693161E-2
for_e 35 1 2 1.3309499278E-2
for_e 35 1 3 1.2578179002E-2
for_e 35 1 4 1.2147579908E-2
for_e 35 2 1 1.4946311249E-2
for_e 35 2 2 1.3909019053E-2
for_e 35 2 3 1.2878900181E-2
for_e 35 2 4 1.231995841E-2
for_e 35 3 1 1.6107226525E-2
for_e 35 3 2 1.4625137158E-2
for_e 35 3 3 1.3242372882E-2
for_e 35 3 4 1.2533428099E-2
for_e 35 4 1 1.5914713133E-2
for_e 35 4 2 1.4599075251E-2
for_e 35 4 3 1.3309499272E-2
for_e 35 4 4 1.2619443067E-2
glc__D_e 35 1 1 1.0487809832E1
glc__D_e 35 1 2 1.0488376323E1
glc__D_e 35 1 3 1.0489000721E1
glc__D_e 35 1 4 1.0489368715E1
glc__D_e 35 2 1 1.0486983353E1
glc__D_e 35 2 2 1.0487866883E1
glc__D_e 35 2 3 1.0488745184E1
glc__D_e 35 2 4 1.0489222237E1
glc__D_e 35 3 1 1.0485996869E1
glc__D_e 35 3 2 1.0487258363E1
glc__D_e 35 3 3 1.0488436324E1
glc__D_e 35 3 4 1.0489040842E1
glc__D_e 35 4 1 1.0486160456E1
glc__D_e 35 4 2 1.0487280509E1
glc__D_e 35 4 3 1.0488379284E1
glc__D_e 35 4 4 1.0488967751E1
h2o_e 35 1 1 1E3
h2o_e 35 1 2 1E3
h2o_e 35 1 3 1E3
h2o_e 35 1 4 1E3
h2o_e 35 2 1 1E3
h2o_e 35 2 2 1E3
h2o_e 35 2 3 1E3
h2o_e 35 2 4 1E3
h2o_e 35 3 1 1E3
h2o_e 35 3 2 1E3
h2o_e 35 3 3 1E3
h2o_e 35 3 4 1E3
h2o_e 35 4 1 1E3
h2o_e 35 4 2 1E3
h2o_e 35 4 3 1E3
h2o_e 35 4 4 1E3
h_e 35 1 1 1E3
h_e 35 1 2 1E3
h_e 35 1 3 1E3
h_e 35 1 4 1E3
h_e 35 2 1 1E3
h_e 35 2 2 1E3
h_e 35 2 3 1E3
h_e 35 2 4 1E3
h_e 35 3 1 1E3
h_e 35 3 2 1E3
h_e 35 3 3 1E3
h_e 35 3 4 1E3
h_e 35 4 1 1E3
h_e 35 4 2 1E3
h_e 35 4 3 1E3
h_e 35 4 4 1E3
nh4_e 35 1 1 1E3
nh4_e 35 1 2 1E3
nh4_e 35 1 3 1E3
nh4_e 35 1 4 1E3
nh4_e 35 2 1 1E3
nh4_e 35 2 2 1E3
nh4_e 35 2 3 1E3
nh4_e 35 2 4 1E3
nh4_e 35 3 1 1E3
nh4_e 35 3 2 1E3
nh4_e 35 3 3 1E3
nh4_e 35 3 4 1E3
nh4_e 35 4 1 1E3
nh4_e 35 4 2 1E3
nh4_e 35 4 3 1E3
nh4_e 35 4 4 1E3
o2_e 35 1 1 1E3
o2_e 35 1 2 1E3
o2_e 35 1 3 1E3
o2_e 35 1 4 1E3
o2_e 35 2 1 1E3
o2_e 35 2 2 1E3
o2_e 35 2 3 1E3
o2_e 35 2 4 1E3
o2_e 35 3 1 1E3
o2_e 35 3 2 1E3
o2_e 35 3 3 1E3
o2_e 35 3 4 1E3
o2_e 35 4 1 1E3
o2_e 35 4 2 1E3
o2_e 35 4 3 1E3
o2_e 35 4 4 1E3
pi_e 35 1 1 1E3
pi_e 35 1 2 1E3
pi_e 35 1 3 1E3
pi_e 35 1 4 1E3
pi_e 35 2 1 1E3
pi_e 35 2 2 1E3
pi_e 35 2 3 1E3
pi_e 35 2 4 1E3
pi_e 35 3 1 1E3
pi_e 35 3 2 1E3
pi_e 35 3 3 1E3
pi_e 35 3 4 1E3
pi_e 35 4 1 1E3
pi_e 35 4 2 1E3
pi_e 35 4 3 1E3
pi_e 35 4 4 1E3
succ_e 35 1 1 3.12480591E-4
succ_e 35 1 2 3.1248046997E-4
succ_e 35 1 3 3.1248029881E-4
succ_e 35 1 4 3.1248017778E-4
succ_e 35 2 1 3.1248064113E-4
succ_e 35 2 2 3.124805201E-4
succ_e 35 2 3 3.1248034894E-4
succ_e 35 2 4 3.1248022791E-4
succ_e 35 3 1 3.1248071203E-4
succ_e 35 3 2 3.12480591E-4
succ_e 35 3 3 3.1248041984E-4
succ_e 35 3 4 3.1248029881E-4
succ_e 35 4 1 3.1248076216E-4
succ_e 35 4 2 3.1248064113E-4
succ_e 35 4 3 3.1248046997E-4
succ_e 35 4 4 3.1248034894E-4
ac_e 36 1 1 1.2677475652E-2
ac_e 36 1 2 1.2097590601E-2
ac_e 36 1 3 1.1459033117E-2
ac_e 36 1 4 1.1083037751E-2
ac_e 36 2 1 1.3526324131E-2
ac_e 36 2 2 1.2620933349E-2
ac_e 36 2 3 1.1721595232E-2
ac_e 36 2 4 1.1233556278E-2
ac_e 36 3 1 1.4539281592E-2
ac_e 36 3 2 1.3245954691E-2
ac_e 36 3 3 1.2038918166E-2
ac_e 36 3 4 1.1419949487E-2
ac_e 36 4 1 1.4371822405E-2
ac_e 36 4 2 1.3223458314E-2
ac_e 36 4 3 1.2097590596E-2
ac_e 36 4 4 1.1495065625E-2
co2_e 36 1 1 1E3
co2_e 36 1 2 1E3
co2_e 36 1 3 1E3
co2_e 36 1 4 1E3
co2_e 36 2 1 1E3
co2_e 36 2 2 1E3
co2_e 36 2 3 1E3
co2_e 36 2 4 1E3
co2_e 36 3 1 1E3
co2_e 36 3 2 1E3
co2_e 36 3 3 1E3
co2_e 36 3 4 1E3
co2_e 36 4 1 1E3
co2_e 36 4 2 1E3
co2_e 36 4 3 1E3
co2_e 36 4 4 1E3
etoh_e 36 1 1 1.5624027467E-4
etoh_e 36 1 2 1.5624023499E-4
etoh_e 36 1 3 1.5624017886E-4
etoh_e 36 1 4 1.5624013917E-4
etoh_e 36 2 1 1.5624029111E-4
etoh_e 36 2 2 1.5624025142E-4
etoh_e 36 2 3 1.562401953E-4
etoh_e 36 2 4 1.5624015561E-4
etoh_e 36 3 1 1.5624031436E-4
etoh_e 36 3 2 1.5624027467E-4
etoh_e 36 3 3 1.5624021855E-4
etoh_e 36 3 4 1.5624017886E-4
etoh_e 36 4 1 1.562403308E-4
etoh_e 36 4 2 1.5624029111E-4
etoh_e 36 4 3 1.5624023499E-4
etoh_e 36 4 4 1.562401953E-4
for_e 36 1 1 1.4417263652E-2
for_e 36 1 2 1.3749569084E-2
for_e 36 1 3 1.3014317581E-2
for_e 36 1 4 1.2581386857E-2
for_e 36 2 1 1.5394649679E-2
for_e 36 2 2 1.4352159411E-2
for_e 36 2 3 1.3316638357E-2
for_e 36 2 4 1.2754697756E-2
for_e 36 3 1 1.6560995015E-2
for_e 36 3 2 1.5071825088E-2
for_e 36 3 3 1.3682012146E-2
for_e 36 3 4 1.2969315681E-2
for_e 36 4 1 1.6368178166E-2
for_e 36 4 2 1.504592216E-2
for_e 36 4 3 1.3749569078E-2
for_e 36 4 4 1.3055806321E-2
glc__D_e 36 1 1 1.048743414E1
glc__D_e 36 1 2 1.0488002884E1
glc__D_e 36 1 3 1.0488629604E1
glc__D_e 36 1 4 1.0488998859E1
glc__D_e 36 2 1 1.0486603609E1
glc__D_e 36 2 2 1.0487490835E1
glc__D_e 36 2 3 1.0488372708E1
glc__D_e 36 2 4 1.0488851589E1
glc__D_e 36 3 1 1.0485612511E1
glc__D_e 36 3 2 1.0486879301E1
glc__D_e 36 3 3 1.0488062233E1
glc__D_e 36 3 4 1.0488669218E1
glc__D_e 36 4 1 1.0485776356E1
glc__D_e 36 4 2 1.0486901312E1
glc__D_e 36 4 3 1.0488004826E1
glc__D_e 36 4 4 1.0488595722E1
h2o_e 36 1 1 1E3
h2o_e 36 1 2 1E3
h2o_e 36 1 3 1E3
h2o_e 36 1 4 1E3
h2o_e 36 2 1 1E3
h2o_e 36 2 2 1E3
h2o_e 36 2 3 1E3
h2o_e 36 2 4 1E3
h2o_e 36 3 1 1E3
h2o_e 36 3 2 1E3
h2o_e 36 3 3 1E3
h2o_e 36 3 4 1E3
h2o_e 36 4 1 1E3
h2o_e 36 4 2 1E3
h2o_e 36 4 3 1E3
h2o_e 36 4 4 1E3
h_e 36 1 1 1E3
h_e 36 1 2 1E3
h_e 36 1 3 1E3
h_e 36 1 4 1E3
h_e 36 2 1 1E3
h_e 36 2 2 1E3
h_e 36 2 3 1E3
h_e 36 2 4 1E3
h_e 36 3 1 1E3
h_e 36 3 2 1E3
h_e 36 3 3 1E3
h_e 36 3 4 1E3
h_e 36 4 1 1E3
h_e 36 4 2 1E3
h_e 36 4 3 1E3
h_e 36 4 4 1E3
nh4_e 36 1 1 1E3
nh4_e 36 1 2 1E3
nh4_e 36 1 3 1E3
nh4_e 36 1 4 1E3
nh4_e 36 2 1 1E3
nh4_e 36 2 2 1E3
nh4_e 36 2 3 1E3
nh4_e 36 2 4 1E3
nh4_e 36 3 1 1E3
nh4_e 36 3 2 1E3
nh4_e 36 3 3 1E3
nh4_e 36 3 4 1E3
nh4_e 36 4 1 1E3
nh4_e 36 4 2 1E3
nh4_e 36 4 3 1E3
nh4_e 36 4 4 1E3
o2_e 36 1 1 1E3
o2_e 36 1 2 1E3
o2_e 36 1 3 1E3
o2_e 36 1 4 1E3
o2_e 36 2 1 1E3
o2_e 36 2 2 1E3
o2_e 36 2 3 1E3
o2_e 36 2 4 1E3
o2_e 36 3 1 1E3
o2_e 36 3 2 1E3
o2_e 36 3 3 1E3
o2_e 36 3 4 1E3
o2_e 36 4 1 1E3
o2_e 36 4 2 1E3
o2_e 36 4 3 1E3
o2_e 36 4 4 1E3
pi_e 36 1 1 1E3
pi_e 36 1 2 1E3
pi_e 36 1 3 1E3
pi_e 36 1 4 1E3
pi_e 36 2 1 1E3
pi_e 36 2 2 1E3
pi_e 36 2 3 1E3
pi_e 36 2 4 1E3
pi_e 36 3 1 1E3
pi_e 36 3 2 1E3
pi_e 36 3 3 1E3
pi_e 36 3 4 1E3
pi_e 36 4 1 1E3
pi_e 36 4 2 1E3
pi_e 36 4 3 1E3
pi_e 36 4 4 1E3
succ_e 36 1 1 3.1248054935E-4
succ_e 36 1 2 3.1248046997E-4
succ_e 36 1 3 3.1248035771E-4
succ_e 36 1 4 3.1248027834E-4
succ_e 36 2 1 3.1248058223E-4
succ_e 36 2 2 3.1248050285E-4
succ_e 36 2 3 3.1248039059E-4
succ_e 36 2 4 3.1248031122E-4
succ_e 36 3 1 3.1248062873E-4
succ_e 36 3 2 3.1248054935E-4
succ_e 36 3 3 3.1248043709E-4
succ_e 36 3 4 3.1248035771E-4
succ_e 36 4 1 3.1248066161E-4
succ_e 36 4 2 3.1248058223E-4
succ_e 36 4 3 3.1248046997E-4
succ_e 36 4 4 3.1248039059E-4
ac_e 37 1 1 1.3064798384E-2
ac_e 37 1 2 1.2481857133E-2
ac_e 37 1 3 1.1839867222E-2
ac_e 37 1 4 1.1461835975E-2
ac_e 37 2 1 1.3917807991E-2
ac_e 37 2 2 1.3007880152E-2
ac_e 37 2 3 1.2103825884E-2
ac_e 37 2 4 1.1613168622E-2
ac_e 37 3 1 1.4935503801E-2
ac_e 37 3 2 1.3635997812E-2
ac_e 37 3 3 1.242280847E-2
ac_e 37 3 4 1.1800564379E-2
ac_e 37 4 1 1.4767782051E-2
ac_e 37 4 2 1.3613641371E-2
ac_e 37 4 3 1.2481857128E-2
ac_e 37 4 4 1.1876095903E-2
co2_e 37 1 1 1E3
co2_e 37 1 2 1E3
co2_e 37 1 3 1E3
co2_e 37 1 4 1E3
co2_e 37 2 1 1E3
co2_e 37 2 2 1E3
co2_e 37 2 3 1E3
co2_e 37 2 4 1E3
co2_e 37 3 1 1E3
co2_e 37 3 2 1E3
co2_e 37 3 3 1E3
co2_e 37 3 4 1E3
co2_e 37 4 1 1E3
co2_e 37 4 2 1E3
co2_e 37 4 3 1E3
co2_e 37 4 4 1E3
etoh_e 37 1 1 1.5624026102E-4
etoh_e 37 1 2 1.5624023499E-4
etoh_e 37 1 3 1.5624019817E-4
etoh_e 37 1 4 1.5624017214E-4
etoh_e 37 2 1 1.562402718E-4
etoh_e 37 2 2 1.5624024577E-4
etoh_e 37 2 3 1.5624020896E-4
etoh_e 37 2 4 1.5624018293E-4
etoh_e 37 3 1 1.5624028704E-4
etoh_e 37 3 2 1.5624026102E-4
etoh_e 37 3 3 1.562402242E-4
etoh_e 37 3 4 1.5624019817E-4
etoh_e 37 4 1 1.5624029783E-4
etoh_e 37 4 2 1.562402718E-4
etoh_e 37 4 3 1.5624023499E-4
etoh_e 37 4 4 1.5624020896E-4
for_e 37 1 1 1.4863237057E-2
for_e 37 1 2 1.4192023486E-2
for_e 37 1 3 1.3452819776E-2
for_e 37 1 4 1.3017544872E-2
for_e 37 2 1 1.584541432E-2
for_e 37 2 2 1.4797699953E-2
for_e 37 2 3 1.3756748579E-2
for_e 37 2 4 1.3191793175E-2
for_e 37 3 1 1.7017215522E-2
for_e 37 3 2 1.5520930819E-2
for_e 37 3 3 1.4124033344E-2
for_e 37 3 4 1.3407565467E-2
for_e 37 4 1 1.6824096359E-2
for_e 37 4 2 1.5495189024E-2
for_e 37 4 3 1.419202348E-2
for_e 37 4 4 1.3494534401E-2
glc__D_e 37 1 1 1.0487055982E1
glc__D_e 37 1 2 1.0487627244E1
glc__D_e 37 1 3 1.0488256654E1
glc__D_e 37 1 4 1.0488627428E1
glc__D_e 37 2 1 1.048622138E1
glc__D_e 37 2 2 1.0487112573E1
glc__D_e 37 2 3 1.0487998392E1
glc__D_e 37 2 4 1.0488479361E1
glc__D_e 37 3 1 1.0485225645E1
glc__D_e 37 3 2 1.0486498009E1
glc__D_e 37 3 3 1.0487686292E1
glc__D_e 37 3 4 1.0488296009E1
glc__D_e 37 4 1 1.0485389748E1
glc__D_e 37 4 2 1.0486519883E1
glc__D_e 37 4 3 1.0487628518E1
glc__D_e 37 4 4 1.0488222108E1
h2o_e 37 1 1 1E3
h2o_e 37 1 2 1E3
h2o_e 37 1 3 1E3
h2o_e 37 1 4 1E3
h2o_e 37 2 1 1E3
h2o_e 37 2 2 1E3
h2o_e 37 2 3 1E3
h2o_e 37 2 4 1E3
h2o_e 37 3 1 1E3
h2o_e 37 3 2 1E3
h2o_e 37 3 3 1E3
h2o_e 37 3 4 1E3
h2o_e 37 4 1 1E3
h2o_e 37 4 2 1E3
h2o_e 37 4 3 1E3
h2o_e 37 4 4 1E3
h_e 37 1 1 1E3
h_e 37 1 2 1E3
h_e 37 1 3 1E3
h_e 37 1 4 1E3
h_e 37 2 1 1E3
h_e 37 2 2 1E3
h_e 37 2 3 1E3
h_e 37 2 4 1E3
h_e 37 3 1 1E3
h_e 37 3 2 1E3
h_e 37 3 3 1E3
h_e 37 3 4 1E3
h_e 37 4 1 1E3
h_e 37 4 2 1E3
h_e 37 4 3 1E3
h_e 37 4 4 1E3
nh4_e 37 1 1 1E3
nh4_e 37 1 2 1E3
nh4_e 37 1 3 1E3
nh4_e 37 1 4 1E3
nh4_e 37 2 1 1E3
nh4_e 37 2 2 1E3
nh4_e 37 2 3 1E3
nh4_e 37 2 4 1E3
nh4_e 37 3 1 1E3
nh4_e 37 3 2 1E3
nh4_e 37 3 3 1E3
nh4_e 37 3 4 1E3
nh4_e 37 4 1 1E3
nh4_e 37 4 2 1E3
nh4_e 37 4 3 1E3
nh4_e 37 4 4 1E3
o2_e 37 1 1 1E3
o2_e 37 1 2 1E3
o2_e 37 1 3 1E3
o2_e 37 1 4 1E3
o2_e 37 2 1 1E3
o2_e 37 2 2 1E3
o2_e 37 2 3 1E3
o2_e 37 2 4 1E3
o2_e 37 3 1 1E3
o2_e 37 3 2 1E3
o2_e 37 3 3 1E3
o2_e 37 3 4 1E3
o2_e 37 4 1 1E3
o2_e 37 4 2 1E3
o2_e 37 4 3 1E3
o2_e 37 4 4 1E3
pi_e 37 1 1 1E3
pi_e 37 1 2 1E3
pi_e 37 1 3 1E3
pi_e 37 1 4 1E3
pi_e 37 2 1 1E3
pi_e 37 2 2 1E3
pi_e 37 2 3 1E3
pi_e 37 2 4 1E3
pi_e 37 3 1 1E3
pi_e 37 3 2 1E3
pi_e 37 3 3 1E3
pi_e 37 3 4 1E3
pi_e 37 4 1 1E3
pi_e 37 4 2 1E3
pi_e 37 4 3 1E3
pi_e 37 4 4 1E3
succ_e 37 1 1 3.1248052203E-4
succ_e 37 1 2 3.1248046997E-4
succ_e 37 1 3 3.1248039635E-4
succ_e 37 1 4 3.1248034429E-4
succ_e 37 2 1 3.1248054359E-4
succ_e 37 2 2 3.1248049153E-4
succ_e 37 2 3 3.1248041791E-4
succ_e 37 2 4 3.1248036585E-4
succ_e 37 3 1 3.1248057409E-4
succ_e 37 3 2 3.1248052203E-4
succ_e 37 3 3 3.1248044841E-4
succ_e 37 3 4 3.1248039635E-4
succ_e 37 4 1 3.1248059565E-4
succ_e 37 4 2 3.1248054359E-4
succ_e 37 4 3 3.1248046997E-4
succ_e 37 4 4 3.1248041791E-4
ac_e 38 1 1 1.3454219344E-2
ac_e 38 1 2 1.2868205881E-2
ac_e 38 1 3 1.2222765197E-2
ac_e 38 1 4 1.1842687091E-2
ac_e 38 2 1 1.4311410418E-2
ac_e 38 2 2 1.3396922785E-2
ac_e 38 2 3 1.2488127773E-2
ac_e 38 2 4 1.1994838239E-2
ac_e 38 3 1 1.5333867109E-2
ac_e 38 3 2 1.4028152152E-2
ac_e 38 3 3 1.2808778657E-2
ac_e 38 3 4 1.2183241907E-2
ac_e 38 4 1 1.5165883812E-2
ac_e 38 4 2 1.400593754E-2
ac_e 38 4 3 1.2868205876E-2
ac_e 38 4 4 1.2259191116E-2
co2_e 38 1 1 1E3
co2_e 38 1 2 1E3
co2_e 38 1 3 1E3
co2_e 38 1 4 1E3
co2_e 38 2 1 1E3
co2_e 38 2 2 1E3
co2_e 38 2 3 1E3
co2_e 38 2 4 1E3
co2_e 38 3 1 1E3
co2_e 38 3 2 1E3
co2_e 38 3 3 1E3
co2_e 38 3 4 1E3
co2_e 38 4 1 1E3
co2_e 38 4 2 1E3
co2_e 38 4 3 1E3
co2_e 38 4 4 1E3
etoh_e 38 1 1 1.5624025206E-4
etoh_e 38 1 2 1.5624023499E-4
etoh_e 38 1 3 1.5624021084E-4
etoh_e 38 1 4 1.5624019377E-4
etoh_e 38 2 1 1.5624025913E-4
etoh_e 38 2 2 1.5624024206E-4
etoh_e 38 2 3 1.5624021791E-4
etoh_e 38 2 4 1.5624020084E-4
etoh_e 38 3 1 1.5624026913E-4
etoh_e 38 3 2 1.5624025206E-4
etoh_e 38 3 3 1.5624022791E-4
etoh_e 38 3 4 1.5624021084E-4
etoh_e 38 4 1 1.562402762E-4
etoh_e 38 4 2 1.5624025913E-4
etoh_e 38 4 3 1.5624023499E-4
etoh_e 38 4 4 1.5624021791E-4
for_e 38 1 1 1.531162641E-2
for_e 38 1 2 1.4636875405E-2
for_e 38 1 3 1.3893698371E-2
for_e 38 1 4 1.3456066651E-2
for_e 38 2 1 1.6298618326E-2
for_e 38 2 2 1.5245653685E-2
for_e 38 2 3 1.4199243682E-2
for_e 38 2 4 1.3631257401E-2
for_e 38 3 1 1.7475901336E-2
for_e 38 3 2 1.5972467457E-2
for_e 38 3 3 1.4568449373E-2
for_e 38 3 4 1.3848190235E-2
for_e 38 4 1 1.7282481024E-2
for_e 38 4 2 1.5946888971E-2
for_e 38 4 3 1.4636875399E-2
for_e 38 4 4 1.3935640106E-2
glc__D_e 38 1 1 1.0486675494E1
glc__D_e 38 1 2 1.0487249452E1
glc__D_e 38 1 3 1.04878818E1
glc__D_e 38 1 4 1.0488254267E1
glc__D_e 38 2 1 1.04858368E1
glc__D_e 38 2 2 1.0486732144E1
glc__D_e 38 2 3 1.0487622163E1
glc__D_e 38 2 4 1.0488105399E1
glc__D_e 38 3 1 1.0484836408E1
glc__D_e 38 3 2 1.0486114537E1
glc__D_e 38 3 3 1.0487308432E1
glc__D_e 38 3 4 1.0487921061E1
glc__D_e 38 4 1 1.0485000766E1
glc__D_e 38 4 2 1.0486136272E1
glc__D_e 38 4 3 1.0487250287E1
glc__D_e 38 4 4 1.048784675E1
h2o_e 38 1 1 1E3
h2o_e 38 1 2 1E3
h2o_e 38 1 3 1E3
h2o_e 38 1 4 1E3
h2o_e 38 2 1 1E3
h2o_e 38 2 2 1E3
h2o_e 38 2 3 1E3
h2o_e 38 2 4 1E3
h2o_e 38 3 1 1E3
h2o_e 38 3 2 1E3
h2o_e 38 3 3 1E3
h2o_e 38 3 4 1E3
h2o_e 38 4 1 1E3
h2o_e 38 4 2 1E3
h2o_e 38 4 3 1E3
h2o_e 38 4 4 1E3
h_e 38 1 1 1E3
h_e 38 1 2 1E3
h_e 38 1 3 1E3
h_e 38 1 4 1E3
h_e 38 2 1 1E3
h_e 38 2 2 1E3
h_e 38 2 3 1E3
h_e 38 2 4 1E3
h_e 38 3 1 1E3
h_e 38 3 2 1E3
h_e 38 3 3 1E3
h_e 38 3 4 1E3
h_e 38 4 1 1E3
h_e 38 4 2 1E3
h_e 38 4 3 1E3
h_e 38 4 4 1E3
nh4_e 38 1 1 1E3
nh4_e 38 1 2 1E3
nh4_e 38 1 3 1E3
nh4_e 38 1 4 1E3
nh4_e 38 2 1 1E3
nh4_e 38 2 2 1E3
nh4_e 38 2 3 1E3
nh4_e 38 2 4 1E3
nh4_e 38 3 1 1E3
nh4_e 38 3 2 1E3
nh4_e 38 3 3 1E3
nh4_e 38 3 4 1E3
nh4_e 38 4 1 1E3
nh4_e 38 4 2 1E3
nh4_e 38 4 3 1E3
nh4_e 38 4 4 1E3
o2_e 38 1 1 1E3
o2_e 38 1 2 1E3
o2_e 38 1 3 1E3
o2_e 38 1 4 1E3
o2_e 38 2 1 1E3
o2_e 38 2 2 1E3
o2_e 38 2 3 1E3
o2_e 38 2 4 1E3
o2_e 38 3 1 1E3
o2_e 38 3 2 1E3
o2_e 38 3 3 1E3
o2_e 38 3 4 1E3
o2_e 38 4 1 1E3
o2_e 38 4 2 1E3
o2_e 38 4 3 1E3
o2_e 38 4 4 1E3
pi_e 38 1 1 1E3
pi_e 38 1 2 1E3
pi_e 38 1 3 1E3
pi_e 38 1 4 1E3
pi_e 38 2 1 1E3
pi_e 38 2 2 1E3
pi_e 38 2 3 1E3
pi_e 38 2 4 1E3
pi_e 38 3 1 1E3
pi_e 38 3 2 1E3
pi_e 38 3 3 1E3
pi_e 38 3 4 1E3
pi_e 38 4 1 1E3
pi_e 38 4 2 1E3
pi_e 38 4 3 1E3
pi_e 38 4 4 1E3
succ_e 38 1 1 3.1248050411E-4
succ_e 38 1 2 3.1248046997E-4
succ_e 38 1 3 3.1248042169E-4
succ_e 38 1 4 3.1248038754E-4
succ_e 38 2 1 3.1248051826E-4
succ_e 38 2 2 3.1248048411E-4
succ_e 38 2 3 3.1248043583E-4
succ_e 38 2 4 3.1248040168E-4
succ_e 38 3 1 3.1248053826E-4
succ_e 38 3 2 3.1248050411E-4
succ_e 38 3 3 3.1248045583E-4
succ_e 38 3 4 3.1248042169E-4
succ_e 38 4 1 3.124805524E-4
succ_e 38 4 2 3.1248051826E-4
succ_e 38 4 3 3.1248046997E-4
succ_e 38 4 4 3.1248043583E-4
ac_e 39 1 1 1.3845749905E-2
ac_e 39 1 2 1.3256648128E-2
ac_e 39 1 3 1.2607738215E-2
ac_e 39 1 4 1.2225602205E-2
ac_e 39 2 1 1.4707142889E-2
ac_e 39 2 2 1.3788072604E-2
ac_e 39 2 3 1.2874512116E-2
ac_e 39 2 4 1.2378576261E-2
ac_e 39 3 1 1.5734383109E-2
ac_e 39 3 2 1.4422429147E-2
ac_e 39 3 3 1.3196839989E-2
ac_e 39 3 4 1.256799324E-2
ac_e 39 4 1 1.5566139295E-2
ac_e 39 4 2 1.4400358274E-2
ac_e 39 4 3 1.3256648123E-2
ac_e 39 4 4 1.2644362446E-2
co2_e 39 1 1 1E3
co2_e 39 1 2 1E3
co2_e 39 1 3 1E3
co2_e 39 1 4 1E3
co2_e 39 2 1 1E3
co2_e 39 2 2 1E3
co2_e 39 2 3 1E3
co2_e 39 2 4 1E3
co2_e 39 3 1 1E3
co2_e 39 3 2 1E3
co2_e 39 3 3 1E3
co2_e 39 3 4 1E3
co2_e 39 4 1 1E3
co2_e 39 4 2 1E3
co2_e 39 4 3 1E3
co2_e 39 4 4 1E3
etoh_e 39 1 1 1.5624024618E-4
etoh_e 39 1 2 1.5624023499E-4
etoh_e 39 1 3 1.5624021915E-4
etoh_e 39 1 4 1.5624020796E-4
etoh_e 39 2 1 1.5624025082E-4
etoh_e 39 2 2 1.5624023962E-4
etoh_e 39 2 3 1.5624022379E-4
etoh_e 39 2 4 1.5624021259E-4
etoh_e 39 3 1 1.5624025738E-4
etoh_e 39 3 2 1.5624024618E-4
etoh_e 39 3 3 1.5624023035E-4
etoh_e 39 3 4 1.5624021915E-4
etoh_e 39 4 1 1.5624026202E-4
etoh_e 39 4 2 1.5624025082E-4
etoh_e 39 4 3 1.5624023499E-4
etoh_e 39 4 4 1.5624022379E-4
for_e 39 1 1 1.5762444809E-2
for_e 39 1 2 1.5084137832E-2
for_e 39 1 3 1.433696623E-2
for_e 39 1 4 1.3896964978E-2
for_e 39 2 1 1.6754274915E-2
for_e 39 2 2 1.5696033683E-2
for_e 39 2 3 1.4644136578E-2
for_e 39 2 4 1.407310325E-2
for_e 39 3 1 1.7937065806E-2
for_e 39 3 2 1.6426448171E-2
for_e 39 3 3 1.5015273203E-2
for_e 39 3 4 1.429120284E-2
for_e 39 4 1 1.7743345532E-2
for_e 39 4 2 1.6401035192E-2
for_e 39 4 3 1.5084137827E-2
for_e 39 4 4 1.4379136309E-2
glc__D_e 39 1 1 1.0486292759E1
glc__D_e 39 1 2 1.0486869536E1
glc__D_e 39 1 3 1.048750499E1
glc__D_e 39 1 4 1.0487879268E1
glc__D_e 39 2 1 1.0485449955E1
glc__D_e 39 2 2 1.0486349579E1
glc__D_e 39 2 3 1.0487243973E1
glc__D_e 39 2 4 1.0487729595E1
glc__D_e 39 3 1 1.0484444882E1
glc__D_e 39 3 2 1.0485728912E1
glc__D_e 39 3 3 1.0486928601E1
glc__D_e 39 3 4 1.0487544265E1
glc__D_e 39 4 1 1.0484609495E1
glc__D_e 39 4 2 1.0485750506E1
glc__D_e 39 4 3 1.0486870084E1
glc__D_e 39 4 4 1.0487469544E1
h2o_e 39 1 1 1E3
h2o_e 39 1 2 1E3
h2o_e 39 1 3 1E3
h2o_e 39 1 4 1E3
h2o_e 39 2 1 1E3
h2o_e 39 2 2 1E3
h2o_e 39 2 3 1E3
h2o_e 39 2 4 1E3
h2o_e 39 3 1 1E3
h2o_e 39 3 2 1E3
h2o_e 39 3 3 1E3
h2o_e 39 3 4 1E3
h2o_e 39 4 1 1E3
h2o_e 39 4 2 1E3
h2o_e 39 4 3 1E3
h2o_e 39 4 4 1E3
h_e 39 1 1 1E3
h_e 39 1 2 1E3
h_e 39 1 3 1E3
h_e 39 1 4 1E3
h_e 39 2 1 1E3
h_e 39 2 2 1E3
h_e 39 2 3 1E3
h_e 39 2 4 1E3
h_e 39 3 1 1E3
h_e 39 3 2 1E3
h_e 39 3 3 1E3
h_e 39 3 4 1E3
h_e 39 4 1 1E3
h_e 39 4 2 1E3
h_e 39 4 3 1E3
h_e 39 4 4 1E3
nh4_e 39 1 1 1E3
nh4_e 39 1 2 1E3
nh4_e 39 1 3 1E3
nh4_e 39 1 4 1E3
nh4_e 39 2 1 1E3
nh4_e 39 2 2 1E3
nh4_e 39 2 3 1E3
nh4_e 39 2 4 1E3
nh4_e 39 3 1 1E3
nh4_e 39 3 2 1E3
nh4_e 39 3 3 1E3
nh4_e 39 3 4 1E3
nh4_e 39 4 1 1E3
nh4_e 39 4 2 1E3
nh4_e 39 4 3 1E3
nh4_e 39 4 4 1E3
o2_e 39 1 1 1E3
o2_e 39 1 2 1E3
o2_e 39 1 3 1E3
o2_e 39 1 4 1E3
o2_e 39 2 1 1E3
o2_e 39 2 2 1E3
o2_e 39 2 3 1E3
o2_e 39 2 4 1E3
o2_e 39 3 1 1E3
o2_e 39 3 2 1E3
o2_e 39 3 3 1E3
o2_e 39 3 4 1E3
o2_e 39 4 1 1E3
o2_e 39 4 2 1E3
o2_e 39 4 3 1E3
o2_e 39 4 4 1E3
pi_e 39 1 1 1E3
pi_e 39 1 2 1E3
pi_e 39 1 3 1E3
pi_e 39 1 4 1E3
pi_e 39 2 1 1E3
pi_e 39 2 2 1E3
pi_e 39 2 3 1E3
pi_e 39 2 4 1E3
pi_e 39 3 1 1E3
pi_e 39 3 2 1E3
pi_e 39 3 3 1E3
pi_e 39 3 4 1E3
pi_e 39 4 1 1E3
pi_e 39 4 2 1E3
pi_e 39 4 3 1E3
pi_e 39 4 4 1E3
succ_e 39 1 1 3.1248049236E-4
succ_e 39 1 2 3.1248046997E-4
succ_e 39 1 3 3.124804383E-4
succ_e 39 1 4 3.1248041591E-4
succ_e 39 2 1 3.1248050164E-4
succ_e 39 2 2 3.1248047925E-4
succ_e 39 2 3 3.1248044758E-4
succ_e 39 2 4 3.1248042519E-4
succ_e 39 3 1 3.1248051476E-4
succ_e 39 3 2 3.1248049236E-4
succ_e 39 3 3 3.124804607E-4
succ_e 39 3 4 3.124804383E-4
succ_e 39 4 1 3.1248052403E-4
succ_e 39 4 2 3.1248050164E-4
succ_e 39 4 3 3.1248046997E-4
succ_e 39 4 4 3.1248044758E-4
ac_e 40 1 1 1.4239401501E-2
ac_e 40 1 2 1.3647195217E-2
ac_e 40 1 3 1.2994797514E-2
ac_e 40 1 4 1.2610592488E-2
ac_e 40 2 1 1.510501694E-2
ac_e 40 2 2 1.4181341021E-2
ac_e 40 2 3 1.3262990189E-2
ac_e 40 2 4 1.2764393887E-2
ac_e 40 3 1 1.6137063445E-2
ac_e 40 3 2 1.4818840293E-2
ac_e 40 3 3 1.3587003795E-2
ac_e 40 3 4 1.2954829607E-2
ac_e 40 4 1 1.5968560165E-2
ac_e 40 4 2 1.4796915087E-2
ac_e 40 4 3 1.3647195212E-2
ac_e 40 4 4 1.303162114E-2
co2_e 40 1 1 1E3
co2_e 40 1 2 1E3
co2_e 40 1 3 1E3
co2_e 40 1 4 1E3
co2_e 40 2 1 1E3
co2_e 40 2 2 1E3
co2_e 40 2 3 1E3
co2_e 40 2 4 1E3
co2_e 40 3 1 1E3
co2_e 40 3 2 1E3
co2_e 40 3 3 1E3
co2_e 40 3 4 1E3
co2_e 40 4 1 1E3
co2_e 40 4 2 1E3
co2_e 40 4 3 1E3
co2_e 40 4 4 1E3
etoh_e 40 1 1 1.5624024233E-4
etoh_e 40 1 2 1.5624023499E-4
etoh_e 40 1 3 1.562402246E-4
etoh_e 40 1 4 1.5624021726E-4
etoh_e 40 2 1 1.5624024537E-4
etoh_e 40 2 2 1.5624023803E-4
etoh_e 40 2 3 1.5624022764E-4
etoh_e 40 2 4 1.562402203E-4
etoh_e 40 3 1 1.5624024967E-4
etoh_e 40 3 2 1.5624024233E-4
etoh_e 40 3 3 1.5624023194E-4
etoh_e 40 3 4 1.562402246E-4
etoh_e 40 4 1 1.5624025271E-4
etoh_e 40 4 2 1.5624024537E-4
etoh_e 40 4 3 1.5624023499E-4
etoh_e 40 4 4 1.5624022764E-4
for_e 40 1 1 1.6215705419E-2
for_e 40 1 2 1.5533823829E-2
for_e 40 1 3 1.4782636289E-2
for_e 40 1 4 1.4340252716E-2
for_e 40 2 1 1.721239737E-2
for_e 40 2 2 1.6148853089E-2
for_e 40 2 3 1.5091440253E-2
for_e 40 2 4 1.4517343612E-2
for_e 40 3 1 1.8400722345E-2
for_e 40 3 2 1.6882886197E-2
for_e 40 3 3 1.5464517876E-2
for_e 40 3 4 1.473661621E-2
for_e 40 4 1 1.8206703316E-2
for_e 40 4 2 1.6857640946E-2
for_e 40 4 3 1.5533823823E-2
for_e 40 4 4 1.4825035959E-2
glc__D_e 40 1 1 1.048590783E1
glc__D_e 40 1 2 1.0486487511E1
glc__D_e 40 1 3 1.0487126189E1
glc__D_e 40 1 4 1.0487502358E1
glc__D_e 40 2 1 1.0485060894E1
glc__D_e 40 2 2 1.0485964892E1
glc__D_e 40 2 3 1.0486863784E1
glc__D_e 40 2 4 1.0487351875E1
glc__D_e 40 3 1 1.0484051119E1
glc__D_e 40 3 2 1.0485341149E1
glc__D_e 40 3 3 1.0486546763E1
glc__D_e 40 3 4 1.0487165549E1
glc__D_e 40 4 1 1.0484215986E1
glc__D_e 40 4 2 1.0485362601E1
glc__D_e 40 4 3 1.048648787E1
glc__D_e 40 4 4 1.0487090414E1
h2o_e 40 1 1 1E3
h2o_e 40 1 2 1E3
h2o_e 40 1 3 1E3
h2o_e 40 1 4 1E3
h2o_e 40 2 1 1E3
h2o_e 40 2 2 1E3
h2o_e 40 2 3 1E3
h2o_e 40 2 4 1E3
h2o_e 40 3 1 1E3
h2o_e 40 3 2 1E3
h2o_e 40 3 3 1E3
h2o_e 40 3 4 1E3
h2o_e 40 4 1 1E3
h2o_e 40 4 2 1E3
h2o_e 40 4 3 1E3
h2o_e 40 4 4 1E3
h_e 40 1 1 1E3
h_e 40 1 2 1E3
h_e 40 1 3 1E3
h_e 40 1 4 1E3
h_e 40 2 1 1E3
h_e 40 2 2 1E3
h_e 40 2 3 1E3
h_e 40 2 4 1E3
h_e 40 3 1 1E3
h_e 40 3 2 1E3
h_e 40 3 3 1E3
h_e 40 3 4 1E3
h_e 40 4 1 1E3
h_e 40 4 2 1E3
h_e 40 4 3 1E3
h_e 40 4 4 1E3
nh4_e 40 1 1 1E3
nh4_e 40 1 2 1E3
nh4_e 40 1 3 1E3
nh4_e 40 1 4 1E3
nh4_e 40 2 1 1E3
nh4_e 40 2 2 1E3
nh4_e 40 2 3 1E3
nh4_e 40 2 4 1E3
nh4_e 40 3 1 1E3
nh4_e 40 3 2 1E3
nh4_e 40 3 3 1E3
nh4_e 40 3 4 1E3
nh4_e 40 4 1 1E3
nh4_e 40 4 2 1E3
nh4_e 40 4 3 1E3
nh4_e 40 4 4 1E3
o2_e 40 1 1 1E3
o2_e 40 1 2 1E3
o2_e 40 1 3 1E3
o2_e 40 1 4 1E3
o2_e 40 2 1 1E3
o2_e 40 2 2 1E3
o2_e 40 2 3 1E3
o2_e 40 2 4 1E3
o2_e 40 3 1 1E3
o2_e 40 3 2 1E3
o2_e 40 3 3 1E3
o2_e 40 3 4 1E3
o2_e 40 4 1 1E3
o2_e 40 4 2 1E3
o2_e 40 4 3 1E3
o2_e 40 4 4 1E3
pi_e 40 1 1 1E3
pi_e 40 1 2 1E3
pi_e 40 1 3 1E3
pi_e 40 1 4 1E3
pi_e 40 2 1 1E3
pi_e 40 2 2 1E3
pi_e 40 2 3 1E3
pi_e 40 2 4 1E3
pi_e 40 3 1 1E3
pi_e 40 3 2 1E3
pi_e 40 3 3 1E3
pi_e 40 3 4 1E3
pi_e 40 4 1 1E3
pi_e 40 4 2 1E3
pi_e 40 4 3 1E3
pi_e 40 4 4 1E3
succ_e 40 1 1 3.1248048466E-4
succ_e 40 1 2 3.1248046997E-4
succ_e 40 1 3 3.124804492E-4
succ_e 40 1 4 3.1248043452E-4
succ_e 40 2 1 3.1248049074E-4
succ_e 40 2 2 3.1248047605E-4
succ_e 40 2 3 3.1248045528E-4
succ_e 40 2 4 3.124804406E-4
succ_e 40 3 1 3.1248049934E-4
succ_e 40 3 2 3.1248048466E-4
succ_e 40 3 3 3.1248046389E-4
succ_e 40 3 4 3.124804492E-4
succ_e 40 4 1 3.1248050543E-4
succ_e 40 4 2 3.1248049074E-4
succ_e 40 4 3 3.1248046997E-4
succ_e 40 4 4 3.1248045528E-4
